id,ethnicity,masculinity,n,response
10520141149,asian,em,1,forced
10520141149,asian,hm,1,forced
10520141149,black,em,2,forced
10520141149,black,hm,2,forced
10520141149,latino,em,3,forced
10520141149,latino,hm,1,forced
10520141149,white,em,0,forced
10520141149,white,hm,0,forced
10520210026,asian,em,0,forced
10520210026,asian,hm,3,forced
10520210026,black,em,0,forced
10520210026,black,hm,0,forced
10520210026,latino,em,1,forced
10520210026,latino,hm,1,forced
10520210026,white,em,2,forced
10520210026,white,hm,3,forced
10520299477,asian,em,0,forced
10520299477,asian,hm,2,forced
10520299477,black,em,0,forced
10520299477,black,hm,2,forced
10520299477,latino,em,0,forced
10520299477,latino,hm,2,forced
10520299477,white,em,1,forced
10520299477,white,hm,3,forced
10520301467,asian,em,0,forced
10520301467,asian,hm,0,forced
10520301467,black,em,1,forced
10520301467,black,hm,0,forced
10520301467,latino,em,2,forced
10520301467,latino,hm,3,forced
10520301467,white,em,2,forced
10520301467,white,hm,2,forced
10520308927,asian,em,0,forced
10520308927,asian,hm,0,forced
10520308927,black,em,4,forced
10520308927,black,hm,2,forced
10520308927,latino,em,2,forced
10520308927,latino,hm,1,forced
10520308927,white,em,0,forced
10520308927,white,hm,1,forced
10520315660,asian,em,0,forced
10520315660,asian,hm,0,forced
10520315660,black,em,1,forced
10520315660,black,hm,1,forced
10520315660,latino,em,1,forced
10520315660,latino,hm,4,forced
10520315660,white,em,1,forced
10520315660,white,hm,2,forced
10520315727,asian,em,3,forced
10520315727,asian,hm,1,forced
10520315727,black,em,0,forced
10520315727,black,hm,1,forced
10520315727,latino,em,1,forced
10520315727,latino,hm,2,forced
10520315727,white,em,1,forced
10520315727,white,hm,1,forced
10520495627,asian,em,1,forced
10520495627,asian,hm,1,forced
10520495627,black,em,0,forced
10520495627,black,hm,1,forced
10520495627,latino,em,1,forced
10520495627,latino,hm,1,forced
10520495627,white,em,3,forced
10520495627,white,hm,2,forced
10520520874,asian,em,0,forced
10520520874,asian,hm,2,forced
10520520874,black,em,0,forced
10520520874,black,hm,2,forced
10520520874,latino,em,1,forced
10520520874,latino,hm,1,forced
10520520874,white,em,1,forced
10520520874,white,hm,3,forced
10520528312,asian,em,1,forced
10520528312,asian,hm,2,forced
10520528312,black,em,2,forced
10520528312,black,hm,2,forced
10520528312,latino,em,1,forced
10520528312,latino,hm,0,forced
10520528312,white,em,1,forced
10520528312,white,hm,1,forced
10520582906,asian,em,0,forced
10520582906,asian,hm,0,forced
10520582906,black,em,0,forced
10520582906,black,hm,1,forced
10520582906,latino,em,1,forced
10520582906,latino,hm,4,forced
10520582906,white,em,2,forced
10520582906,white,hm,2,forced
10520589085,asian,em,0,forced
10520589085,asian,hm,2,forced
10520589085,black,em,0,forced
10520589085,black,hm,2,forced
10520589085,latino,em,1,forced
10520589085,latino,hm,3,forced
10520589085,white,em,0,forced
10520589085,white,hm,2,forced
10520592697,asian,em,0,forced
10520592697,asian,hm,0,forced
10520592697,black,em,5,forced
10520592697,black,hm,2,forced
10520592697,latino,em,1,forced
10520592697,latino,hm,2,forced
10520592697,white,em,0,forced
10520592697,white,hm,0,forced
10520593726,asian,em,1,forced
10520593726,asian,hm,0,forced
10520593726,black,em,3,forced
10520593726,black,hm,0,forced
10520593726,latino,em,2,forced
10520593726,latino,hm,2,forced
10520593726,white,em,1,forced
10520593726,white,hm,1,forced
10520593864,asian,em,1,forced
10520593864,asian,hm,0,forced
10520593864,black,em,0,forced
10520593864,black,hm,0,forced
10520593864,latino,em,4,forced
10520593864,latino,hm,2,forced
10520593864,white,em,1,forced
10520593864,white,hm,2,forced
10520621084,asian,em,1,forced
10520621084,asian,hm,1,forced
10520621084,black,em,1,forced
10520621084,black,hm,2,forced
10520621084,latino,em,2,forced
10520621084,latino,hm,3,forced
10520621084,white,em,0,forced
10520621084,white,hm,0,forced
10520634605,asian,em,0,forced
10520634605,asian,hm,1,forced
10520634605,black,em,0,forced
10520634605,black,hm,2,forced
10520634605,latino,em,2,forced
10520634605,latino,hm,2,forced
10520634605,white,em,1,forced
10520634605,white,hm,2,forced
10520685276,asian,em,0,forced
10520685276,asian,hm,0,forced
10520685276,black,em,1,forced
10520685276,black,hm,2,forced
10520685276,latino,em,1,forced
10520685276,latino,hm,4,forced
10520685276,white,em,1,forced
10520685276,white,hm,1,forced
10520867805,asian,em,1,forced
10520867805,asian,hm,1,forced
10520867805,black,em,0,forced
10520867805,black,hm,2,forced
10520867805,latino,em,2,forced
10520867805,latino,hm,2,forced
10520867805,white,em,1,forced
10520867805,white,hm,1,forced
10521009978,asian,em,2,forced
10521009978,asian,hm,0,forced
10521009978,black,em,3,forced
10521009978,black,hm,3,forced
10521009978,latino,em,0,forced
10521009978,latino,hm,2,forced
10521009978,white,em,0,forced
10521009978,white,hm,0,forced
10521056784,asian,em,0,forced
10521056784,asian,hm,0,forced
10521056784,black,em,3,forced
10521056784,black,hm,3,forced
10521056784,latino,em,1,forced
10521056784,latino,hm,1,forced
10521056784,white,em,1,forced
10521056784,white,hm,1,forced
10521059039,asian,em,0,forced
10521059039,asian,hm,1,forced
10521059039,black,em,2,forced
10521059039,black,hm,2,forced
10521059039,latino,em,1,forced
10521059039,latino,hm,3,forced
10521059039,white,em,1,forced
10521059039,white,hm,0,forced
10521078126,asian,em,0,forced
10521078126,asian,hm,0,forced
10521078126,black,em,0,forced
10521078126,black,hm,0,forced
10521078126,latino,em,2,forced
10521078126,latino,hm,2,forced
10521078126,white,em,3,forced
10521078126,white,hm,3,forced
10521080610,asian,em,1,forced
10521080610,asian,hm,1,forced
10521080610,black,em,0,forced
10521080610,black,hm,2,forced
10521080610,latino,em,2,forced
10521080610,latino,hm,1,forced
10521080610,white,em,1,forced
10521080610,white,hm,2,forced
10521104257,asian,em,0,forced
10521104257,asian,hm,0,forced
10521104257,black,em,3,forced
10521104257,black,hm,1,forced
10521104257,latino,em,3,forced
10521104257,latino,hm,2,forced
10521104257,white,em,1,forced
10521104257,white,hm,0,forced
10521154042,asian,em,0,forced
10521154042,asian,hm,2,forced
10521154042,black,em,0,forced
10521154042,black,hm,3,forced
10521154042,latino,em,1,forced
10521154042,latino,hm,3,forced
10521154042,white,em,0,forced
10521154042,white,hm,1,forced
10521161116,asian,em,4,forced
10521161116,asian,hm,2,forced
10521161116,black,em,1,forced
10521161116,black,hm,1,forced
10521161116,latino,em,0,forced
10521161116,latino,hm,0,forced
10521161116,white,em,1,forced
10521161116,white,hm,1,forced
10521165605,asian,em,1,forced
10521165605,asian,hm,1,forced
10521165605,black,em,0,forced
10521165605,black,hm,0,forced
10521165605,latino,em,0,forced
10521165605,latino,hm,1,forced
10521165605,white,em,4,forced
10521165605,white,hm,3,forced
10521531326,asian,em,2,forced
10521531326,asian,hm,1,forced
10521531326,black,em,2,forced
10521531326,black,hm,1,forced
10521531326,latino,em,1,forced
10521531326,latino,hm,1,forced
10521531326,white,em,0,forced
10521531326,white,hm,2,forced
10521537804,asian,em,1,forced
10521537804,asian,hm,1,forced
10521537804,black,em,0,forced
10521537804,black,hm,2,forced
10521537804,latino,em,3,forced
10521537804,latino,hm,1,forced
10521537804,white,em,1,forced
10521537804,white,hm,1,forced
10521557957,asian,em,0,forced
10521557957,asian,hm,1,forced
10521557957,black,em,0,forced
10521557957,black,hm,1,forced
10521557957,latino,em,2,forced
10521557957,latino,hm,1,forced
10521557957,white,em,3,forced
10521557957,white,hm,2,forced
10521558326,asian,em,3,forced
10521558326,asian,hm,1,forced
10521558326,black,em,4,forced
10521558326,black,hm,1,forced
10521558326,latino,em,0,forced
10521558326,latino,hm,1,forced
10521558326,white,em,0,forced
10521558326,white,hm,0,forced
10521560767,asian,em,1,forced
10521560767,asian,hm,0,forced
10521560767,black,em,0,forced
10521560767,black,hm,1,forced
10521560767,latino,em,3,forced
10521560767,latino,hm,2,forced
10521560767,white,em,3,forced
10521560767,white,hm,0,forced
10521561026,asian,em,0,forced
10521561026,asian,hm,0,forced
10521561026,black,em,1,forced
10521561026,black,hm,0,forced
10521561026,latino,em,3,forced
10521561026,latino,hm,2,forced
10521561026,white,em,2,forced
10521561026,white,hm,2,forced
10521595635,asian,em,0,forced
10521595635,asian,hm,1,forced
10521595635,black,em,1,forced
10521595635,black,hm,2,forced
10521595635,latino,em,1,forced
10521595635,latino,hm,4,forced
10521595635,white,em,0,forced
10521595635,white,hm,1,forced
10521642713,asian,em,0,forced
10521642713,asian,hm,2,forced
10521642713,black,em,0,forced
10521642713,black,hm,1,forced
10521642713,latino,em,0,forced
10521642713,latino,hm,1,forced
10521642713,white,em,2,forced
10521642713,white,hm,4,forced
10521645764,asian,em,0,forced
10521645764,asian,hm,0,forced
10521645764,black,em,4,forced
10521645764,black,hm,3,forced
10521645764,latino,em,2,forced
10521645764,latino,hm,1,forced
10521645764,white,em,0,forced
10521645764,white,hm,0,forced
10522572840,asian,em,0,forced
10522572840,asian,hm,2,forced
10522572840,black,em,0,forced
10522572840,black,hm,0,forced
10522572840,latino,em,1,forced
10522572840,latino,hm,2,forced
10522572840,white,em,2,forced
10522572840,white,hm,3,forced
10522706556,asian,em,1,forced
10522706556,asian,hm,4,forced
10522706556,black,em,0,forced
10522706556,black,hm,1,forced
10522706556,latino,em,1,forced
10522706556,latino,hm,2,forced
10522706556,white,em,0,forced
10522706556,white,hm,1,forced
10522777871,asian,em,0,forced
10522777871,asian,hm,1,forced
10522777871,black,em,3,forced
10522777871,black,hm,0,forced
10522777871,latino,em,2,forced
10522777871,latino,hm,1,forced
10522777871,white,em,0,forced
10522777871,white,hm,3,forced
10523031806,asian,em,3,forced
10523031806,asian,hm,1,forced
10523031806,black,em,0,forced
10523031806,black,hm,1,forced
10523031806,latino,em,1,forced
10523031806,latino,hm,0,forced
10523031806,white,em,1,forced
10523031806,white,hm,3,forced
10523038107,asian,em,0,forced
10523038107,asian,hm,1,forced
10523038107,black,em,0,forced
10523038107,black,hm,1,forced
10523038107,latino,em,0,forced
10523038107,latino,hm,3,forced
10523038107,white,em,2,forced
10523038107,white,hm,3,forced
10523202837,asian,em,0,forced
10523202837,asian,hm,2,forced
10523202837,black,em,0,forced
10523202837,black,hm,0,forced
10523202837,latino,em,0,forced
10523202837,latino,hm,2,forced
10523202837,white,em,2,forced
10523202837,white,hm,4,forced
10523283272,asian,em,0,forced
10523283272,asian,hm,1,forced
10523283272,black,em,0,forced
10523283272,black,hm,1,forced
10523283272,latino,em,1,forced
10523283272,latino,hm,4,forced
10523283272,white,em,2,forced
10523283272,white,hm,1,forced
10523463522,asian,em,1,forced
10523463522,asian,hm,1,forced
10523463522,black,em,0,forced
10523463522,black,hm,0,forced
10523463522,latino,em,1,forced
10523463522,latino,hm,1,forced
10523463522,white,em,3,forced
10523463522,white,hm,3,forced
10523543784,asian,em,1,forced
10523543784,asian,hm,1,forced
10523543784,black,em,0,forced
10523543784,black,hm,0,forced
10523543784,latino,em,2,forced
10523543784,latino,hm,1,forced
10523543784,white,em,2,forced
10523543784,white,hm,3,forced
10523594952,asian,em,0,forced
10523594952,asian,hm,1,forced
10523594952,black,em,0,forced
10523594952,black,hm,2,forced
10523594952,latino,em,2,forced
10523594952,latino,hm,3,forced
10523594952,white,em,0,forced
10523594952,white,hm,2,forced
10523643696,asian,em,0,forced
10523643696,asian,hm,3,forced
10523643696,black,em,1,forced
10523643696,black,hm,2,forced
10523643696,latino,em,2,forced
10523643696,latino,hm,0,forced
10523643696,white,em,0,forced
10523643696,white,hm,2,forced
10523739479,asian,em,1,forced
10523739479,asian,hm,0,forced
10523739479,black,em,0,forced
10523739479,black,hm,1,forced
10523739479,latino,em,2,forced
10523739479,latino,hm,3,forced
10523739479,white,em,2,forced
10523739479,white,hm,1,forced
10523791317,asian,em,0,forced
10523791317,asian,hm,0,forced
10523791317,black,em,0,forced
10523791317,black,hm,1,forced
10523791317,latino,em,1,forced
10523791317,latino,hm,3,forced
10523791317,white,em,2,forced
10523791317,white,hm,3,forced
10523798983,asian,em,0,forced
10523798983,asian,hm,4,forced
10523798983,black,em,0,forced
10523798983,black,hm,0,forced
10523798983,latino,em,0,forced
10523798983,latino,hm,2,forced
10523798983,white,em,0,forced
10523798983,white,hm,4,forced
10523879610,asian,em,0,forced
10523879610,asian,hm,1,forced
10523879610,black,em,0,forced
10523879610,black,hm,1,forced
10523879610,latino,em,0,forced
10523879610,latino,hm,3,forced
10523879610,white,em,2,forced
10523879610,white,hm,3,forced
10523883793,asian,em,0,forced
10523883793,asian,hm,0,forced
10523883793,black,em,0,forced
10523883793,black,hm,0,forced
10523883793,latino,em,2,forced
10523883793,latino,hm,1,forced
10523883793,white,em,3,forced
10523883793,white,hm,4,forced
10524010107,asian,em,0,forced
10524010107,asian,hm,0,forced
10524010107,black,em,0,forced
10524010107,black,hm,2,forced
10524010107,latino,em,2,forced
10524010107,latino,hm,1,forced
10524010107,white,em,2,forced
10524010107,white,hm,3,forced
10524061762,asian,em,0,forced
10524061762,asian,hm,1,forced
10524061762,black,em,0,forced
10524061762,black,hm,1,forced
10524061762,latino,em,2,forced
10524061762,latino,hm,1,forced
10524061762,white,em,1,forced
10524061762,white,hm,4,forced
10524094828,asian,em,0,forced
10524094828,asian,hm,1,forced
10524094828,black,em,0,forced
10524094828,black,hm,1,forced
10524094828,latino,em,0,forced
10524094828,latino,hm,2,forced
10524094828,white,em,3,forced
10524094828,white,hm,3,forced
10524099300,asian,em,1,forced
10524099300,asian,hm,3,forced
10524099300,black,em,0,forced
10524099300,black,hm,0,forced
10524099300,latino,em,0,forced
10524099300,latino,hm,2,forced
10524099300,white,em,2,forced
10524099300,white,hm,2,forced
10524125765,asian,em,3,forced
10524125765,asian,hm,0,forced
10524125765,black,em,3,forced
10524125765,black,hm,2,forced
10524125765,latino,em,1,forced
10524125765,latino,hm,0,forced
10524125765,white,em,0,forced
10524125765,white,hm,1,forced
10524126032,asian,em,0,forced
10524126032,asian,hm,2,forced
10524126032,black,em,0,forced
10524126032,black,hm,0,forced
10524126032,latino,em,1,forced
10524126032,latino,hm,3,forced
10524126032,white,em,1,forced
10524126032,white,hm,3,forced
10524129368,asian,em,0,forced
10524129368,asian,hm,0,forced
10524129368,black,em,0,forced
10524129368,black,hm,1,forced
10524129368,latino,em,2,forced
10524129368,latino,hm,2,forced
10524129368,white,em,2,forced
10524129368,white,hm,3,forced
10524154825,asian,em,2,forced
10524154825,asian,hm,2,forced
10524154825,black,em,0,forced
10524154825,black,hm,0,forced
10524154825,latino,em,0,forced
10524154825,latino,hm,2,forced
10524154825,white,em,2,forced
10524154825,white,hm,2,forced
10524155311,asian,em,1,forced
10524155311,asian,hm,1,forced
10524155311,black,em,1,forced
10524155311,black,hm,0,forced
10524155311,latino,em,2,forced
10524155311,latino,hm,1,forced
10524155311,white,em,2,forced
10524155311,white,hm,2,forced
10524166888,asian,em,0,forced
10524166888,asian,hm,1,forced
10524166888,black,em,2,forced
10524166888,black,hm,2,forced
10524166888,latino,em,1,forced
10524166888,latino,hm,4,forced
10524166888,white,em,0,forced
10524166888,white,hm,0,forced
10524174819,asian,em,0,forced
10524174819,asian,hm,1,forced
10524174819,black,em,0,forced
10524174819,black,hm,1,forced
10524174819,latino,em,1,forced
10524174819,latino,hm,3,forced
10524174819,white,em,1,forced
10524174819,white,hm,3,forced
10524288820,asian,em,1,forced
10524288820,asian,hm,0,forced
10524288820,black,em,0,forced
10524288820,black,hm,0,forced
10524288820,latino,em,1,forced
10524288820,latino,hm,2,forced
10524288820,white,em,3,forced
10524288820,white,hm,3,forced
10524292870,asian,em,1,forced
10524292870,asian,hm,2,forced
10524292870,black,em,0,forced
10524292870,black,hm,2,forced
10524292870,latino,em,0,forced
10524292870,latino,hm,3,forced
10524292870,white,em,0,forced
10524292870,white,hm,2,forced
10524306063,asian,em,0,forced
10524306063,asian,hm,3,forced
10524306063,black,em,0,forced
10524306063,black,hm,0,forced
10524306063,latino,em,1,forced
10524306063,latino,hm,3,forced
10524306063,white,em,0,forced
10524306063,white,hm,3,forced
10524366813,asian,em,1,forced
10524366813,asian,hm,2,forced
10524366813,black,em,0,forced
10524366813,black,hm,0,forced
10524366813,latino,em,1,forced
10524366813,latino,hm,3,forced
10524366813,white,em,2,forced
10524366813,white,hm,1,forced
10524505929,asian,em,0,forced
10524505929,asian,hm,0,forced
10524505929,black,em,0,forced
10524505929,black,hm,0,forced
10524505929,latino,em,2,forced
10524505929,latino,hm,2,forced
10524505929,white,em,3,forced
10524505929,white,hm,3,forced
10524723851,asian,em,0,forced
10524723851,asian,hm,0,forced
10524723851,black,em,3,forced
10524723851,black,hm,1,forced
10524723851,latino,em,1,forced
10524723851,latino,hm,3,forced
10524723851,white,em,2,forced
10524723851,white,hm,0,forced
10525177870,asian,em,0,forced
10525177870,asian,hm,1,forced
10525177870,black,em,1,forced
10525177870,black,hm,2,forced
10525177870,latino,em,1,forced
10525177870,latino,hm,2,forced
10525177870,white,em,3,forced
10525177870,white,hm,0,forced
10525187037,asian,em,1,forced
10525187037,asian,hm,0,forced
10525187037,black,em,1,forced
10525187037,black,hm,1,forced
10525187037,latino,em,0,forced
10525187037,latino,hm,2,forced
10525187037,white,em,2,forced
10525187037,white,hm,3,forced
10525420827,asian,em,1,forced
10525420827,asian,hm,0,forced
10525420827,black,em,3,forced
10525420827,black,hm,3,forced
10525420827,latino,em,1,forced
10525420827,latino,hm,1,forced
10525420827,white,em,1,forced
10525420827,white,hm,0,forced
10525505670,asian,em,0,forced
10525505670,asian,hm,0,forced
10525505670,black,em,3,forced
10525505670,black,hm,3,forced
10525505670,latino,em,1,forced
10525505670,latino,hm,3,forced
10525505670,white,em,0,forced
10525505670,white,hm,0,forced
10525549309,asian,em,0,forced
10525549309,asian,hm,1,forced
10525549309,black,em,0,forced
10525549309,black,hm,1,forced
10525549309,latino,em,1,forced
10525549309,latino,hm,3,forced
10525549309,white,em,1,forced
10525549309,white,hm,3,forced
10525953958,asian,em,1,forced
10525953958,asian,hm,0,forced
10525953958,black,em,3,forced
10525953958,black,hm,0,forced
10525953958,latino,em,3,forced
10525953958,latino,hm,3,forced
10525953958,white,em,0,forced
10525953958,white,hm,0,forced
10525987458,asian,em,0,forced
10525987458,asian,hm,1,forced
10525987458,black,em,0,forced
10525987458,black,hm,0,forced
10525987458,latino,em,1,forced
10525987458,latino,hm,3,forced
10525987458,white,em,2,forced
10525987458,white,hm,3,forced
10526007343,asian,em,0,forced
10526007343,asian,hm,1,forced
10526007343,black,em,3,forced
10526007343,black,hm,3,forced
10526007343,latino,em,0,forced
10526007343,latino,hm,1,forced
10526007343,white,em,0,forced
10526007343,white,hm,2,forced
10526017289,asian,em,0,forced
10526017289,asian,hm,0,forced
10526017289,black,em,1,forced
10526017289,black,hm,2,forced
10526017289,latino,em,1,forced
10526017289,latino,hm,3,forced
10526017289,white,em,2,forced
10526017289,white,hm,1,forced
10526145095,asian,em,0,forced
10526145095,asian,hm,1,forced
10526145095,black,em,1,forced
10526145095,black,hm,1,forced
10526145095,latino,em,1,forced
10526145095,latino,hm,3,forced
10526145095,white,em,2,forced
10526145095,white,hm,1,forced
10526219427,asian,em,0,forced
10526219427,asian,hm,0,forced
10526219427,black,em,2,forced
10526219427,black,hm,2,forced
10526219427,latino,em,2,forced
10526219427,latino,hm,3,forced
10526219427,white,em,0,forced
10526219427,white,hm,1,forced
10526241247,asian,em,0,forced
10526241247,asian,hm,0,forced
10526241247,black,em,0,forced
10526241247,black,hm,1,forced
10526241247,latino,em,1,forced
10526241247,latino,hm,1,forced
10526241247,white,em,4,forced
10526241247,white,hm,3,forced
10526276487,asian,em,0,forced
10526276487,asian,hm,1,forced
10526276487,black,em,0,forced
10526276487,black,hm,1,forced
10526276487,latino,em,2,forced
10526276487,latino,hm,3,forced
10526276487,white,em,2,forced
10526276487,white,hm,1,forced
10526277529,asian,em,1,forced
10526277529,asian,hm,2,forced
10526277529,black,em,0,forced
10526277529,black,hm,0,forced
10526277529,latino,em,2,forced
10526277529,latino,hm,4,forced
10526277529,white,em,0,forced
10526277529,white,hm,1,forced
10526296100,asian,em,0,forced
10526296100,asian,hm,2,forced
10526296100,black,em,0,forced
10526296100,black,hm,0,forced
10526296100,latino,em,1,forced
10526296100,latino,hm,1,forced
10526296100,white,em,2,forced
10526296100,white,hm,4,forced
10526367602,asian,em,1,forced
10526367602,asian,hm,0,forced
10526367602,black,em,1,forced
10526367602,black,hm,2,forced
10526367602,latino,em,0,forced
10526367602,latino,hm,1,forced
10526367602,white,em,3,forced
10526367602,white,hm,2,forced
10526670937,asian,em,0,forced
10526670937,asian,hm,0,forced
10526670937,black,em,0,forced
10526670937,black,hm,0,forced
10526670937,latino,em,2,forced
10526670937,latino,hm,1,forced
10526670937,white,em,4,forced
10526670937,white,hm,3,forced
10526678559,asian,em,0,forced
10526678559,asian,hm,3,forced
10526678559,black,em,0,forced
10526678559,black,hm,0,forced
10526678559,latino,em,1,forced
10526678559,latino,hm,1,forced
10526678559,white,em,2,forced
10526678559,white,hm,3,forced
10527010341,asian,em,1,forced
10527010341,asian,hm,0,forced
10527010341,black,em,1,forced
10527010341,black,hm,1,forced
10527010341,latino,em,3,forced
10527010341,latino,hm,3,forced
10527010341,white,em,1,forced
10527010341,white,hm,0,forced
10527894795,asian,em,0,forced
10527894795,asian,hm,2,forced
10527894795,black,em,2,forced
10527894795,black,hm,2,forced
10527894795,latino,em,0,forced
10527894795,latino,hm,3,forced
10527894795,white,em,0,forced
10527894795,white,hm,1,forced
10528096497,asian,em,0,forced
10528096497,asian,hm,1,forced
10528096497,black,em,0,forced
10528096497,black,hm,0,forced
10528096497,latino,em,1,forced
10528096497,latino,hm,4,forced
10528096497,white,em,2,forced
10528096497,white,hm,2,forced
10528204399,asian,em,1,forced
10528204399,asian,hm,1,forced
10528204399,black,em,1,forced
10528204399,black,hm,0,forced
10528204399,latino,em,1,forced
10528204399,latino,hm,4,forced
10528204399,white,em,1,forced
10528204399,white,hm,1,forced
10528271612,asian,em,0,forced
10528271612,asian,hm,2,forced
10528271612,black,em,0,forced
10528271612,black,hm,1,forced
10528271612,latino,em,1,forced
10528271612,latino,hm,2,forced
10528271612,white,em,1,forced
10528271612,white,hm,3,forced
10528330395,asian,em,0,forced
10528330395,asian,hm,2,forced
10528330395,black,em,2,forced
10528330395,black,hm,3,forced
10528330395,latino,em,0,forced
10528330395,latino,hm,2,forced
10528330395,white,em,0,forced
10528330395,white,hm,1,forced
10528849631,asian,em,1,forced
10528849631,asian,hm,1,forced
10528849631,black,em,0,forced
10528849631,black,hm,2,forced
10528849631,latino,em,1,forced
10528849631,latino,hm,2,forced
10528849631,white,em,2,forced
10528849631,white,hm,1,forced
10529335085,asian,em,0,forced
10529335085,asian,hm,0,forced
10529335085,black,em,3,forced
10529335085,black,hm,3,forced
10529335085,latino,em,1,forced
10529335085,latino,hm,3,forced
10529335085,white,em,0,forced
10529335085,white,hm,0,forced
10529359442,asian,em,2,forced
10529359442,asian,hm,2,forced
10529359442,black,em,1,forced
10529359442,black,hm,0,forced
10529359442,latino,em,0,forced
10529359442,latino,hm,0,forced
10529359442,white,em,3,forced
10529359442,white,hm,2,forced
10529366199,asian,em,2,forced
10529366199,asian,hm,0,forced
10529366199,black,em,0,forced
10529366199,black,hm,2,forced
10529366199,latino,em,1,forced
10529366199,latino,hm,1,forced
10529366199,white,em,2,forced
10529366199,white,hm,2,forced
10529387466,asian,em,0,forced
10529387466,asian,hm,0,forced
10529387466,black,em,0,forced
10529387466,black,hm,1,forced
10529387466,latino,em,1,forced
10529387466,latino,hm,1,forced
10529387466,white,em,3,forced
10529387466,white,hm,4,forced
10529401543,asian,em,1,forced
10529401543,asian,hm,3,forced
10529401543,black,em,0,forced
10529401543,black,hm,0,forced
10529401543,latino,em,0,forced
10529401543,latino,hm,1,forced
10529401543,white,em,3,forced
10529401543,white,hm,2,forced
10529521723,asian,em,2,forced
10529521723,asian,hm,0,forced
10529521723,black,em,1,forced
10529521723,black,hm,2,forced
10529521723,latino,em,1,forced
10529521723,latino,hm,0,forced
10529521723,white,em,2,forced
10529521723,white,hm,2,forced
10529691128,asian,em,0,forced
10529691128,asian,hm,2,forced
10529691128,black,em,0,forced
10529691128,black,hm,1,forced
10529691128,latino,em,1,forced
10529691128,latino,hm,3,forced
10529691128,white,em,1,forced
10529691128,white,hm,2,forced
10530513980,asian,em,0,forced
10530513980,asian,hm,0,forced
10530513980,black,em,3,forced
10530513980,black,hm,2,forced
10530513980,latino,em,1,forced
10530513980,latino,hm,3,forced
10530513980,white,em,0,forced
10530513980,white,hm,1,forced
10530522628,asian,em,1,forced
10530522628,asian,hm,2,forced
10530522628,black,em,0,forced
10530522628,black,hm,0,forced
10530522628,latino,em,0,forced
10530522628,latino,hm,3,forced
10530522628,white,em,2,forced
10530522628,white,hm,2,forced
10530576726,asian,em,0,forced
10530576726,asian,hm,0,forced
10530576726,black,em,0,forced
10530576726,black,hm,0,forced
10530576726,latino,em,2,forced
10530576726,latino,hm,4,forced
10530576726,white,em,2,forced
10530576726,white,hm,2,forced
10530581073,asian,em,0,forced
10530581073,asian,hm,3,forced
10530581073,black,em,0,forced
10530581073,black,hm,1,forced
10530581073,latino,em,0,forced
10530581073,latino,hm,2,forced
10530581073,white,em,1,forced
10530581073,white,hm,3,forced
10530638495,asian,em,0,forced
10530638495,asian,hm,0,forced
10530638495,black,em,1,forced
10530638495,black,hm,1,forced
10530638495,latino,em,1,forced
10530638495,latino,hm,4,forced
10530638495,white,em,1,forced
10530638495,white,hm,2,forced
10530650155,asian,em,1,forced
10530650155,asian,hm,3,forced
10530650155,black,em,0,forced
10530650155,black,hm,0,forced
10530650155,latino,em,1,forced
10530650155,latino,hm,1,forced
10530650155,white,em,1,forced
10530650155,white,hm,3,forced
10530812562,asian,em,0,forced
10530812562,asian,hm,1,forced
10530812562,black,em,0,forced
10530812562,black,hm,2,forced
10530812562,latino,em,1,forced
10530812562,latino,hm,1,forced
10530812562,white,em,3,forced
10530812562,white,hm,2,forced
10531247456,asian,em,0,forced
10531247456,asian,hm,0,forced
10531247456,black,em,0,forced
10531247456,black,hm,3,forced
10531247456,latino,em,1,forced
10531247456,latino,hm,1,forced
10531247456,white,em,2,forced
10531247456,white,hm,3,forced
10531435272,asian,em,0,forced
10531435272,asian,hm,1,forced
10531435272,black,em,1,forced
10531435272,black,hm,2,forced
10531435272,latino,em,1,forced
10531435272,latino,hm,1,forced
10531435272,white,em,0,forced
10531435272,white,hm,4,forced
10531441213,asian,em,2,forced
10531441213,asian,hm,1,forced
10531441213,black,em,0,forced
10531441213,black,hm,0,forced
10531441213,latino,em,0,forced
10531441213,latino,hm,0,forced
10531441213,white,em,3,forced
10531441213,white,hm,4,forced
10531447986,asian,em,0,forced
10531447986,asian,hm,1,forced
10531447986,black,em,0,forced
10531447986,black,hm,0,forced
10531447986,latino,em,1,forced
10531447986,latino,hm,1,forced
10531447986,white,em,4,forced
10531447986,white,hm,3,forced
10531864397,asian,em,2,forced
10531864397,asian,hm,1,forced
10531864397,black,em,1,forced
10531864397,black,hm,1,forced
10531864397,latino,em,1,forced
10531864397,latino,hm,2,forced
10531864397,white,em,1,forced
10531864397,white,hm,1,forced
10532030071,asian,em,0,forced
10532030071,asian,hm,1,forced
10532030071,black,em,0,forced
10532030071,black,hm,2,forced
10532030071,latino,em,1,forced
10532030071,latino,hm,2,forced
10532030071,white,em,2,forced
10532030071,white,hm,2,forced
10532946899,asian,em,0,forced
10532946899,asian,hm,1,forced
10532946899,black,em,0,forced
10532946899,black,hm,0,forced
10532946899,latino,em,1,forced
10532946899,latino,hm,2,forced
10532946899,white,em,3,forced
10532946899,white,hm,3,forced
10533126205,asian,em,1,forced
10533126205,asian,hm,3,forced
10533126205,black,em,0,forced
10533126205,black,hm,0,forced
10533126205,latino,em,0,forced
10533126205,latino,hm,2,forced
10533126205,white,em,2,forced
10533126205,white,hm,2,forced
10533149612,asian,em,0,forced
10533149612,asian,hm,1,forced
10533149612,black,em,2,forced
10533149612,black,hm,1,forced
10533149612,latino,em,2,forced
10533149612,latino,hm,1,forced
10533149612,white,em,2,forced
10533149612,white,hm,1,forced
10533161260,asian,em,0,forced
10533161260,asian,hm,2,forced
10533161260,black,em,1,forced
10533161260,black,hm,2,forced
10533161260,latino,em,1,forced
10533161260,latino,hm,4,forced
10533161260,white,em,0,forced
10533161260,white,hm,0,forced
10533174505,asian,em,0,forced
10533174505,asian,hm,0,forced
10533174505,black,em,3,forced
10533174505,black,hm,2,forced
10533174505,latino,em,2,forced
10533174505,latino,hm,3,forced
10533174505,white,em,0,forced
10533174505,white,hm,0,forced
10533189980,asian,em,0,forced
10533189980,asian,hm,1,forced
10533189980,black,em,0,forced
10533189980,black,hm,1,forced
10533189980,latino,em,1,forced
10533189980,latino,hm,3,forced
10533189980,white,em,1,forced
10533189980,white,hm,3,forced
10533205766,asian,em,0,forced
10533205766,asian,hm,1,forced
10533205766,black,em,0,forced
10533205766,black,hm,0,forced
10533205766,latino,em,2,forced
10533205766,latino,hm,2,forced
10533205766,white,em,2,forced
10533205766,white,hm,3,forced
10533221545,asian,em,1,forced
10533221545,asian,hm,2,forced
10533221545,black,em,0,forced
10533221545,black,hm,1,forced
10533221545,latino,em,0,forced
10533221545,latino,hm,2,forced
10533221545,white,em,3,forced
10533221545,white,hm,1,forced
10533416759,asian,em,0,forced
10533416759,asian,hm,2,forced
10533416759,black,em,0,forced
10533416759,black,hm,0,forced
10533416759,latino,em,0,forced
10533416759,latino,hm,3,forced
10533416759,white,em,2,forced
10533416759,white,hm,3,forced
10533457146,asian,em,2,forced
10533457146,asian,hm,3,forced
10533457146,black,em,2,forced
10533457146,black,hm,1,forced
10533457146,latino,em,0,forced
10533457146,latino,hm,1,forced
10533457146,white,em,0,forced
10533457146,white,hm,1,forced
10533615222,asian,em,0,forced
10533615222,asian,hm,2,forced
10533615222,black,em,0,forced
10533615222,black,hm,1,forced
10533615222,latino,em,1,forced
10533615222,latino,hm,2,forced
10533615222,white,em,0,forced
10533615222,white,hm,4,forced
10533621099,asian,em,1,forced
10533621099,asian,hm,4,forced
10533621099,black,em,0,forced
10533621099,black,hm,0,forced
10533621099,latino,em,0,forced
10533621099,latino,hm,1,forced
10533621099,white,em,1,forced
10533621099,white,hm,3,forced
10533630062,asian,em,0,forced
10533630062,asian,hm,2,forced
10533630062,black,em,1,forced
10533630062,black,hm,0,forced
10533630062,latino,em,1,forced
10533630062,latino,hm,3,forced
10533630062,white,em,2,forced
10533630062,white,hm,1,forced
10533732661,asian,em,1,forced
10533732661,asian,hm,4,forced
10533732661,black,em,0,forced
10533732661,black,hm,0,forced
10533732661,latino,em,0,forced
10533732661,latino,hm,1,forced
10533732661,white,em,2,forced
10533732661,white,hm,2,forced
10533895439,asian,em,0,forced
10533895439,asian,hm,3,forced
10533895439,black,em,0,forced
10533895439,black,hm,0,forced
10533895439,latino,em,1,forced
10533895439,latino,hm,3,forced
10533895439,white,em,0,forced
10533895439,white,hm,3,forced
10533999175,asian,em,0,forced
10533999175,asian,hm,1,forced
10533999175,black,em,2,forced
10533999175,black,hm,1,forced
10533999175,latino,em,2,forced
10533999175,latino,hm,1,forced
10533999175,white,em,2,forced
10533999175,white,hm,1,forced
10534000065,asian,em,2,forced
10534000065,asian,hm,2,forced
10534000065,black,em,0,forced
10534000065,black,hm,1,forced
10534000065,latino,em,1,forced
10534000065,latino,hm,2,forced
10534000065,white,em,2,forced
10534000065,white,hm,0,forced
10534064528,asian,em,1,forced
10534064528,asian,hm,0,forced
10534064528,black,em,2,forced
10534064528,black,hm,0,forced
10534064528,latino,em,2,forced
10534064528,latino,hm,2,forced
10534064528,white,em,1,forced
10534064528,white,hm,2,forced
10534066894,asian,em,0,forced
10534066894,asian,hm,0,forced
10534066894,black,em,0,forced
10534066894,black,hm,0,forced
10534066894,latino,em,2,forced
10534066894,latino,hm,1,forced
10534066894,white,em,3,forced
10534066894,white,hm,4,forced
10534071634,asian,em,0,forced
10534071634,asian,hm,0,forced
10534071634,black,em,0,forced
10534071634,black,hm,1,forced
10534071634,latino,em,2,forced
10534071634,latino,hm,1,forced
10534071634,white,em,3,forced
10534071634,white,hm,3,forced
10534092762,asian,em,2,forced
10534092762,asian,hm,2,forced
10534092762,black,em,0,forced
10534092762,black,hm,1,forced
10534092762,latino,em,0,forced
10534092762,latino,hm,4,forced
10534092762,white,em,0,forced
10534092762,white,hm,1,forced
10534131663,asian,em,1,forced
10534131663,asian,hm,2,forced
10534131663,black,em,0,forced
10534131663,black,hm,0,forced
10534131663,latino,em,1,forced
10534131663,latino,hm,1,forced
10534131663,white,em,3,forced
10534131663,white,hm,2,forced
10534145164,asian,em,1,forced
10534145164,asian,hm,2,forced
10534145164,black,em,1,forced
10534145164,black,hm,2,forced
10534145164,latino,em,2,forced
10534145164,latino,hm,2,forced
10534145164,white,em,0,forced
10534145164,white,hm,0,forced
10534496115,asian,em,3,forced
10534496115,asian,hm,2,forced
10534496115,black,em,0,forced
10534496115,black,hm,1,forced
10534496115,latino,em,1,forced
10534496115,latino,hm,0,forced
10534496115,white,em,2,forced
10534496115,white,hm,1,forced
10534517518,asian,em,1,forced
10534517518,asian,hm,0,forced
10534517518,black,em,1,forced
10534517518,black,hm,2,forced
10534517518,latino,em,1,forced
10534517518,latino,hm,1,forced
10534517518,white,em,3,forced
10534517518,white,hm,1,forced
10534532327,asian,em,1,forced
10534532327,asian,hm,0,forced
10534532327,black,em,3,forced
10534532327,black,hm,1,forced
10534532327,latino,em,2,forced
10534532327,latino,hm,2,forced
10534532327,white,em,1,forced
10534532327,white,hm,0,forced
10534550299,asian,em,0,forced
10534550299,asian,hm,2,forced
10534550299,black,em,0,forced
10534550299,black,hm,0,forced
10534550299,latino,em,0,forced
10534550299,latino,hm,1,forced
10534550299,white,em,3,forced
10534550299,white,hm,4,forced
10534561812,asian,em,0,forced
10534561812,asian,hm,0,forced
10534561812,black,em,0,forced
10534561812,black,hm,1,forced
10534561812,latino,em,2,forced
10534561812,latino,hm,1,forced
10534561812,white,em,3,forced
10534561812,white,hm,3,forced
10534563891,asian,em,0,forced
10534563891,asian,hm,3,forced
10534563891,black,em,0,forced
10534563891,black,hm,1,forced
10534563891,latino,em,0,forced
10534563891,latino,hm,3,forced
10534563891,white,em,0,forced
10534563891,white,hm,3,forced
10534570570,asian,em,0,forced
10534570570,asian,hm,2,forced
10534570570,black,em,2,forced
10534570570,black,hm,3,forced
10534570570,latino,em,1,forced
10534570570,latino,hm,0,forced
10534570570,white,em,0,forced
10534570570,white,hm,2,forced
10534594930,asian,em,1,forced
10534594930,asian,hm,0,forced
10534594930,black,em,0,forced
10534594930,black,hm,2,forced
10534594930,latino,em,1,forced
10534594930,latino,hm,1,forced
10534594930,white,em,2,forced
10534594930,white,hm,3,forced
10534641237,asian,em,0,forced
10534641237,asian,hm,0,forced
10534641237,black,em,0,forced
10534641237,black,hm,0,forced
10534641237,latino,em,2,forced
10534641237,latino,hm,3,forced
10534641237,white,em,2,forced
10534641237,white,hm,3,forced
10534651295,asian,em,0,forced
10534651295,asian,hm,1,forced
10534651295,black,em,0,forced
10534651295,black,hm,0,forced
10534651295,latino,em,2,forced
10534651295,latino,hm,2,forced
10534651295,white,em,1,forced
10534651295,white,hm,4,forced
10534691341,asian,em,0,forced
10534691341,asian,hm,2,forced
10534691341,black,em,0,forced
10534691341,black,hm,0,forced
10534691341,latino,em,1,forced
10534691341,latino,hm,4,forced
10534691341,white,em,1,forced
10534691341,white,hm,2,forced
10534744759,asian,em,1,forced
10534744759,asian,hm,1,forced
10534744759,black,em,0,forced
10534744759,black,hm,2,forced
10534744759,latino,em,0,forced
10534744759,latino,hm,3,forced
10534744759,white,em,2,forced
10534744759,white,hm,1,forced
10534767877,asian,em,0,forced
10534767877,asian,hm,2,forced
10534767877,black,em,0,forced
10534767877,black,hm,1,forced
10534767877,latino,em,1,forced
10534767877,latino,hm,1,forced
10534767877,white,em,2,forced
10534767877,white,hm,3,forced
10535027674,asian,em,3,forced
10535027674,asian,hm,3,forced
10535027674,black,em,0,forced
10535027674,black,hm,1,forced
10535027674,latino,em,0,forced
10535027674,latino,hm,0,forced
10535027674,white,em,2,forced
10535027674,white,hm,1,forced
10535091255,asian,em,1,forced
10535091255,asian,hm,3,forced
10535091255,black,em,1,forced
10535091255,black,hm,1,forced
10535091255,latino,em,0,forced
10535091255,latino,hm,0,forced
10535091255,white,em,3,forced
10535091255,white,hm,1,forced
10535189737,asian,em,0,forced
10535189737,asian,hm,0,forced
10535189737,black,em,0,forced
10535189737,black,hm,1,forced
10535189737,latino,em,1,forced
10535189737,latino,hm,3,forced
10535189737,white,em,2,forced
10535189737,white,hm,3,forced
10535191329,asian,em,3,forced
10535191329,asian,hm,1,forced
10535191329,black,em,2,forced
10535191329,black,hm,0,forced
10535191329,latino,em,1,forced
10535191329,latino,hm,0,forced
10535191329,white,em,2,forced
10535191329,white,hm,1,forced
10535404220,asian,em,0,forced
10535404220,asian,hm,0,forced
10535404220,black,em,2,forced
10535404220,black,hm,1,forced
10535404220,latino,em,1,forced
10535404220,latino,hm,2,forced
10535404220,white,em,2,forced
10535404220,white,hm,2,forced
10535556535,asian,em,0,forced
10535556535,asian,hm,0,forced
10535556535,black,em,0,forced
10535556535,black,hm,0,forced
10535556535,latino,em,2,forced
10535556535,latino,hm,1,forced
10535556535,white,em,3,forced
10535556535,white,hm,4,forced
10535556612,asian,em,0,forced
10535556612,asian,hm,0,forced
10535556612,black,em,1,forced
10535556612,black,hm,2,forced
10535556612,latino,em,1,forced
10535556612,latino,hm,1,forced
10535556612,white,em,2,forced
10535556612,white,hm,3,forced
10535580985,asian,em,0,forced
10535580985,asian,hm,2,forced
10535580985,black,em,3,forced
10535580985,black,hm,2,forced
10535580985,latino,em,2,forced
10535580985,latino,hm,1,forced
10535580985,white,em,0,forced
10535580985,white,hm,0,forced
10535584195,asian,em,0,forced
10535584195,asian,hm,2,forced
10535584195,black,em,0,forced
10535584195,black,hm,0,forced
10535584195,latino,em,2,forced
10535584195,latino,hm,2,forced
10535584195,white,em,1,forced
10535584195,white,hm,3,forced
10535586233,asian,em,1,forced
10535586233,asian,hm,0,forced
10535586233,black,em,0,forced
10535586233,black,hm,0,forced
10535586233,latino,em,1,forced
10535586233,latino,hm,1,forced
10535586233,white,em,3,forced
10535586233,white,hm,4,forced
10535596911,asian,em,0,forced
10535596911,asian,hm,3,forced
10535596911,black,em,0,forced
10535596911,black,hm,1,forced
10535596911,latino,em,0,forced
10535596911,latino,hm,4,forced
10535596911,white,em,0,forced
10535596911,white,hm,2,forced
10535597462,asian,em,1,forced
10535597462,asian,hm,0,forced
10535597462,black,em,3,forced
10535597462,black,hm,2,forced
10535597462,latino,em,2,forced
10535597462,latino,hm,0,forced
10535597462,white,em,0,forced
10535597462,white,hm,2,forced
10535598206,asian,em,0,forced
10535598206,asian,hm,0,forced
10535598206,black,em,0,forced
10535598206,black,hm,1,forced
10535598206,latino,em,1,forced
10535598206,latino,hm,4,forced
10535598206,white,em,2,forced
10535598206,white,hm,2,forced
10535601149,asian,em,0,forced
10535601149,asian,hm,1,forced
10535601149,black,em,3,forced
10535601149,black,hm,2,forced
10535601149,latino,em,1,forced
10535601149,latino,hm,2,forced
10535601149,white,em,0,forced
10535601149,white,hm,1,forced
10535607863,asian,em,0,forced
10535607863,asian,hm,0,forced
10535607863,black,em,0,forced
10535607863,black,hm,1,forced
10535607863,latino,em,1,forced
10535607863,latino,hm,2,forced
10535607863,white,em,2,forced
10535607863,white,hm,4,forced
10535622258,asian,em,0,forced
10535622258,asian,hm,0,forced
10535622258,black,em,3,forced
10535622258,black,hm,3,forced
10535622258,latino,em,1,forced
10535622258,latino,hm,2,forced
10535622258,white,em,0,forced
10535622258,white,hm,1,forced
10535742750,asian,em,0,forced
10535742750,asian,hm,1,forced
10535742750,black,em,1,forced
10535742750,black,hm,0,forced
10535742750,latino,em,2,forced
10535742750,latino,hm,1,forced
10535742750,white,em,2,forced
10535742750,white,hm,3,forced
10535742804,asian,em,3,forced
10535742804,asian,hm,4,forced
10535742804,black,em,0,forced
10535742804,black,hm,0,forced
10535742804,latino,em,0,forced
10535742804,latino,hm,0,forced
10535742804,white,em,1,forced
10535742804,white,hm,2,forced
10535763314,asian,em,1,forced
10535763314,asian,hm,1,forced
10535763314,black,em,1,forced
10535763314,black,hm,3,forced
10535763314,latino,em,0,forced
10535763314,latino,hm,2,forced
10535763314,white,em,1,forced
10535763314,white,hm,1,forced
10535792148,asian,em,0,forced
10535792148,asian,hm,0,forced
10535792148,black,em,0,forced
10535792148,black,hm,2,forced
10535792148,latino,em,1,forced
10535792148,latino,hm,3,forced
10535792148,white,em,2,forced
10535792148,white,hm,2,forced
10535794228,asian,em,1,forced
10535794228,asian,hm,3,forced
10535794228,black,em,1,forced
10535794228,black,hm,1,forced
10535794228,latino,em,2,forced
10535794228,latino,hm,2,forced
10535794228,white,em,0,forced
10535794228,white,hm,0,forced
10535804962,asian,em,0,forced
10535804962,asian,hm,0,forced
10535804962,black,em,0,forced
10535804962,black,hm,2,forced
10535804962,latino,em,1,forced
10535804962,latino,hm,3,forced
10535804962,white,em,2,forced
10535804962,white,hm,2,forced
10535806391,asian,em,0,forced
10535806391,asian,hm,2,forced
10535806391,black,em,0,forced
10535806391,black,hm,0,forced
10535806391,latino,em,3,forced
10535806391,latino,hm,2,forced
10535806391,white,em,0,forced
10535806391,white,hm,3,forced
10535812220,asian,em,3,forced
10535812220,asian,hm,2,forced
10535812220,black,em,0,forced
10535812220,black,hm,1,forced
10535812220,latino,em,1,forced
10535812220,latino,hm,1,forced
10535812220,white,em,1,forced
10535812220,white,hm,1,forced
10535812706,asian,em,0,forced
10535812706,asian,hm,2,forced
10535812706,black,em,2,forced
10535812706,black,hm,1,forced
10535812706,latino,em,2,forced
10535812706,latino,hm,2,forced
10535812706,white,em,0,forced
10535812706,white,hm,1,forced
10535814082,asian,em,1,forced
10535814082,asian,hm,2,forced
10535814082,black,em,0,forced
10535814082,black,hm,1,forced
10535814082,latino,em,2,forced
10535814082,latino,hm,1,forced
10535814082,white,em,2,forced
10535814082,white,hm,1,forced
10535815536,asian,em,1,forced
10535815536,asian,hm,1,forced
10535815536,black,em,0,forced
10535815536,black,hm,1,forced
10535815536,latino,em,1,forced
10535815536,latino,hm,4,forced
10535815536,white,em,1,forced
10535815536,white,hm,1,forced
10535831216,asian,em,1,forced
10535831216,asian,hm,2,forced
10535831216,black,em,0,forced
10535831216,black,hm,2,forced
10535831216,latino,em,1,forced
10535831216,latino,hm,3,forced
10535831216,white,em,0,forced
10535831216,white,hm,1,forced
10535839017,asian,em,0,forced
10535839017,asian,hm,2,forced
10535839017,black,em,1,forced
10535839017,black,hm,3,forced
10535839017,latino,em,0,forced
10535839017,latino,hm,1,forced
10535839017,white,em,1,forced
10535839017,white,hm,2,forced
10535861325,asian,em,0,forced
10535861325,asian,hm,0,forced
10535861325,black,em,3,forced
10535861325,black,hm,3,forced
10535861325,latino,em,1,forced
10535861325,latino,hm,1,forced
10535861325,white,em,1,forced
10535861325,white,hm,1,forced
10535869321,asian,em,4,forced
10535869321,asian,hm,1,forced
10535869321,black,em,1,forced
10535869321,black,hm,1,forced
10535869321,latino,em,0,forced
10535869321,latino,hm,1,forced
10535869321,white,em,1,forced
10535869321,white,hm,1,forced
10535870206,asian,em,1,forced
10535870206,asian,hm,0,forced
10535870206,black,em,0,forced
10535870206,black,hm,1,forced
10535870206,latino,em,2,forced
10535870206,latino,hm,2,forced
10535870206,white,em,3,forced
10535870206,white,hm,1,forced
10535912576,asian,em,2,forced
10535912576,asian,hm,0,forced
10535912576,black,em,1,forced
10535912576,black,hm,0,forced
10535912576,latino,em,2,forced
10535912576,latino,hm,1,forced
10535912576,white,em,2,forced
10535912576,white,hm,2,forced
10535968279,asian,em,0,forced
10535968279,asian,hm,0,forced
10535968279,black,em,3,forced
10535968279,black,hm,1,forced
10535968279,latino,em,2,forced
10535968279,latino,hm,1,forced
10535968279,white,em,1,forced
10535968279,white,hm,2,forced
10536036128,asian,em,0,forced
10536036128,asian,hm,2,forced
10536036128,black,em,1,forced
10536036128,black,hm,0,forced
10536036128,latino,em,2,forced
10536036128,latino,hm,1,forced
10536036128,white,em,1,forced
10536036128,white,hm,3,forced
10536038956,asian,em,0,forced
10536038956,asian,hm,0,forced
10536038956,black,em,0,forced
10536038956,black,hm,0,forced
10536038956,latino,em,2,forced
10536038956,latino,hm,2,forced
10536038956,white,em,3,forced
10536038956,white,hm,3,forced
10536310538,asian,em,0,forced
10536310538,asian,hm,1,forced
10536310538,black,em,1,forced
10536310538,black,hm,1,forced
10536310538,latino,em,2,forced
10536310538,latino,hm,3,forced
10536310538,white,em,1,forced
10536310538,white,hm,1,forced
10537280430,asian,em,1,forced
10537280430,asian,hm,1,forced
10537280430,black,em,1,forced
10537280430,black,hm,1,forced
10537280430,latino,em,2,forced
10537280430,latino,hm,0,forced
10537280430,white,em,2,forced
10537280430,white,hm,2,forced
10537460510,asian,em,0,forced
10537460510,asian,hm,1,forced
10537460510,black,em,0,forced
10537460510,black,hm,1,forced
10537460510,latino,em,1,forced
10537460510,latino,hm,3,forced
10537460510,white,em,2,forced
10537460510,white,hm,2,forced
10537519229,asian,em,0,forced
10537519229,asian,hm,1,forced
10537519229,black,em,0,forced
10537519229,black,hm,0,forced
10537519229,latino,em,1,forced
10537519229,latino,hm,2,forced
10537519229,white,em,2,forced
10537519229,white,hm,4,forced
10537834907,asian,em,0,forced
10537834907,asian,hm,0,forced
10537834907,black,em,0,forced
10537834907,black,hm,2,forced
10537834907,latino,em,1,forced
10537834907,latino,hm,3,forced
10537834907,white,em,2,forced
10537834907,white,hm,2,forced
10537837848,asian,em,1,forced
10537837848,asian,hm,0,forced
10537837848,black,em,0,forced
10537837848,black,hm,1,forced
10537837848,latino,em,1,forced
10537837848,latino,hm,1,forced
10537837848,white,em,3,forced
10537837848,white,hm,3,forced
10537890495,asian,em,1,forced
10537890495,asian,hm,0,forced
10537890495,black,em,0,forced
10537890495,black,hm,0,forced
10537890495,latino,em,2,forced
10537890495,latino,hm,1,forced
10537890495,white,em,2,forced
10537890495,white,hm,4,forced
10537906363,asian,em,1,forced
10537906363,asian,hm,2,forced
10537906363,black,em,0,forced
10537906363,black,hm,0,forced
10537906363,latino,em,0,forced
10537906363,latino,hm,1,forced
10537906363,white,em,3,forced
10537906363,white,hm,3,forced
10538018257,asian,em,0,forced
10538018257,asian,hm,1,forced
10538018257,black,em,1,forced
10538018257,black,hm,0,forced
10538018257,latino,em,1,forced
10538018257,latino,hm,2,forced
10538018257,white,em,2,forced
10538018257,white,hm,3,forced
10538041767,asian,em,1,forced
10538041767,asian,hm,1,forced
10538041767,black,em,1,forced
10538041767,black,hm,1,forced
10538041767,latino,em,1,forced
10538041767,latino,hm,2,forced
10538041767,white,em,0,forced
10538041767,white,hm,3,forced
10538213799,asian,em,3,forced
10538213799,asian,hm,0,forced
10538213799,black,em,0,forced
10538213799,black,hm,2,forced
10538213799,latino,em,0,forced
10538213799,latino,hm,1,forced
10538213799,white,em,3,forced
10538213799,white,hm,1,forced
10538338166,asian,em,0,forced
10538338166,asian,hm,0,forced
10538338166,black,em,3,forced
10538338166,black,hm,3,forced
10538338166,latino,em,1,forced
10538338166,latino,hm,2,forced
10538338166,white,em,0,forced
10538338166,white,hm,1,forced
10538359694,asian,em,0,forced
10538359694,asian,hm,0,forced
10538359694,black,em,2,forced
10538359694,black,hm,2,forced
10538359694,latino,em,1,forced
10538359694,latino,hm,4,forced
10538359694,white,em,1,forced
10538359694,white,hm,0,forced
10538728559,asian,em,0,forced
10538728559,asian,hm,1,forced
10538728559,black,em,0,forced
10538728559,black,hm,2,forced
10538728559,latino,em,1,forced
10538728559,latino,hm,2,forced
10538728559,white,em,1,forced
10538728559,white,hm,3,forced
10540267247,asian,em,1,forced
10540267247,asian,hm,1,forced
10540267247,black,em,2,forced
10540267247,black,hm,2,forced
10540267247,latino,em,1,forced
10540267247,latino,hm,3,forced
10540267247,white,em,0,forced
10540267247,white,hm,0,forced
10543067318,asian,em,0,forced
10543067318,asian,hm,1,forced
10543067318,black,em,1,forced
10543067318,black,hm,0,forced
10543067318,latino,em,4,forced
10543067318,latino,hm,2,forced
10543067318,white,em,0,forced
10543067318,white,hm,2,forced
10543174131,asian,em,0,forced
10543174131,asian,hm,1,forced
10543174131,black,em,0,forced
10543174131,black,hm,0,forced
10543174131,latino,em,1,forced
10543174131,latino,hm,3,forced
10543174131,white,em,3,forced
10543174131,white,hm,2,forced
10543179845,asian,em,0,forced
10543179845,asian,hm,0,forced
10543179845,black,em,0,forced
10543179845,black,hm,0,forced
10543179845,latino,em,2,forced
10543179845,latino,hm,1,forced
10543179845,white,em,3,forced
10543179845,white,hm,4,forced
10543191916,asian,em,1,forced
10543191916,asian,hm,1,forced
10543191916,black,em,0,forced
10543191916,black,hm,1,forced
10543191916,latino,em,2,forced
10543191916,latino,hm,2,forced
10543191916,white,em,1,forced
10543191916,white,hm,2,forced
10543479082,asian,em,0,forced
10543479082,asian,hm,0,forced
10543479082,black,em,3,forced
10543479082,black,hm,1,forced
10543479082,latino,em,2,forced
10543479082,latino,hm,3,forced
10543479082,white,em,0,forced
10543479082,white,hm,1,forced
10544371996,asian,em,1,forced
10544371996,asian,hm,1,forced
10544371996,black,em,0,forced
10544371996,black,hm,2,forced
10544371996,latino,em,2,forced
10544371996,latino,hm,1,forced
10544371996,white,em,3,forced
10544371996,white,hm,0,forced
10544443872,asian,em,1,forced
10544443872,asian,hm,0,forced
10544443872,black,em,0,forced
10544443872,black,hm,1,forced
10544443872,latino,em,0,forced
10544443872,latino,hm,3,forced
10544443872,white,em,2,forced
10544443872,white,hm,3,forced
10546610612,asian,em,0,forced
10546610612,asian,hm,2,forced
10546610612,black,em,1,forced
10546610612,black,hm,0,forced
10546610612,latino,em,2,forced
10546610612,latino,hm,3,forced
10546610612,white,em,0,forced
10546610612,white,hm,2,forced
10546785763,asian,em,1,forced
10546785763,asian,hm,1,forced
10546785763,black,em,0,forced
10546785763,black,hm,0,forced
10546785763,latino,em,0,forced
10546785763,latino,hm,2,forced
10546785763,white,em,3,forced
10546785763,white,hm,3,forced
10546827251,asian,em,2,forced
10546827251,asian,hm,1,forced
10546827251,black,em,1,forced
10546827251,black,hm,1,forced
10546827251,latino,em,1,forced
10546827251,latino,hm,3,forced
10546827251,white,em,1,forced
10546827251,white,hm,0,forced
10546829942,asian,em,2,forced
10546829942,asian,hm,1,forced
10546829942,black,em,0,forced
10546829942,black,hm,0,forced
10546829942,latino,em,0,forced
10546829942,latino,hm,0,forced
10546829942,white,em,3,forced
10546829942,white,hm,4,forced
10546861327,asian,em,3,forced
10546861327,asian,hm,1,forced
10546861327,black,em,0,forced
10546861327,black,hm,0,forced
10546861327,latino,em,0,forced
10546861327,latino,hm,0,forced
10546861327,white,em,2,forced
10546861327,white,hm,4,forced
10546869601,asian,em,0,forced
10546869601,asian,hm,0,forced
10546869601,black,em,0,forced
10546869601,black,hm,1,forced
10546869601,latino,em,1,forced
10546869601,latino,hm,3,forced
10546869601,white,em,3,forced
10546869601,white,hm,2,forced
10546971366,asian,em,2,forced
10546971366,asian,hm,2,forced
10546971366,black,em,0,forced
10546971366,black,hm,0,forced
10546971366,latino,em,1,forced
10546971366,latino,hm,0,forced
10546971366,white,em,3,forced
10546971366,white,hm,2,forced
10546987820,asian,em,3,forced
10546987820,asian,hm,0,forced
10546987820,black,em,0,forced
10546987820,black,hm,0,forced
10546987820,latino,em,3,forced
10546987820,latino,hm,1,forced
10546987820,white,em,2,forced
10546987820,white,hm,1,forced
10547276667,asian,em,0,forced
10547276667,asian,hm,0,forced
10547276667,black,em,0,forced
10547276667,black,hm,1,forced
10547276667,latino,em,1,forced
10547276667,latino,hm,1,forced
10547276667,white,em,4,forced
10547276667,white,hm,3,forced
10548294858,asian,em,0,forced
10548294858,asian,hm,0,forced
10548294858,black,em,1,forced
10548294858,black,hm,2,forced
10548294858,latino,em,1,forced
10548294858,latino,hm,3,forced
10548294858,white,em,2,forced
10548294858,white,hm,1,forced
10548298315,asian,em,0,forced
10548298315,asian,hm,0,forced
10548298315,black,em,0,forced
10548298315,black,hm,0,forced
10548298315,latino,em,2,forced
10548298315,latino,hm,2,forced
10548298315,white,em,3,forced
10548298315,white,hm,3,forced
10548615211,asian,em,1,forced
10548615211,asian,hm,0,forced
10548615211,black,em,3,forced
10548615211,black,hm,1,forced
10548615211,latino,em,2,forced
10548615211,latino,hm,0,forced
10548615211,white,em,1,forced
10548615211,white,hm,2,forced
10548616250,asian,em,0,forced
10548616250,asian,hm,1,forced
10548616250,black,em,1,forced
10548616250,black,hm,1,forced
10548616250,latino,em,1,forced
10548616250,latino,hm,1,forced
10548616250,white,em,2,forced
10548616250,white,hm,3,forced
10548622839,asian,em,1,forced
10548622839,asian,hm,0,forced
10548622839,black,em,0,forced
10548622839,black,hm,0,forced
10548622839,latino,em,2,forced
10548622839,latino,hm,1,forced
10548622839,white,em,2,forced
10548622839,white,hm,4,forced
10548698886,asian,em,0,forced
10548698886,asian,hm,1,forced
10548698886,black,em,1,forced
10548698886,black,hm,2,forced
10548698886,latino,em,1,forced
10548698886,latino,hm,2,forced
10548698886,white,em,2,forced
10548698886,white,hm,1,forced
10548734804,asian,em,0,forced
10548734804,asian,hm,1,forced
10548734804,black,em,1,forced
10548734804,black,hm,3,forced
10548734804,latino,em,2,forced
10548734804,latino,hm,2,forced
10548734804,white,em,0,forced
10548734804,white,hm,1,forced
10548914159,asian,em,0,forced
10548914159,asian,hm,1,forced
10548914159,black,em,0,forced
10548914159,black,hm,1,forced
10548914159,latino,em,2,forced
10548914159,latino,hm,2,forced
10548914159,white,em,2,forced
10548914159,white,hm,2,forced
10548959958,asian,em,0,forced
10548959958,asian,hm,1,forced
10548959958,black,em,0,forced
10548959958,black,hm,0,forced
10548959958,latino,em,2,forced
10548959958,latino,hm,4,forced
10548959958,white,em,1,forced
10548959958,white,hm,2,forced
10550421253,asian,em,0,forced
10550421253,asian,hm,0,forced
10550421253,black,em,3,forced
10550421253,black,hm,2,forced
10550421253,latino,em,1,forced
10550421253,latino,hm,2,forced
10550421253,white,em,0,forced
10550421253,white,hm,2,forced
10550582294,asian,em,2,forced
10550582294,asian,hm,3,forced
10550582294,black,em,1,forced
10550582294,black,hm,1,forced
10550582294,latino,em,1,forced
10550582294,latino,hm,1,forced
10550582294,white,em,1,forced
10550582294,white,hm,0,forced
10550597651,asian,em,0,forced
10550597651,asian,hm,1,forced
10550597651,black,em,0,forced
10550597651,black,hm,0,forced
10550597651,latino,em,2,forced
10550597651,latino,hm,2,forced
10550597651,white,em,1,forced
10550597651,white,hm,4,forced
10550634579,asian,em,2,forced
10550634579,asian,hm,0,forced
10550634579,black,em,0,forced
10550634579,black,hm,1,forced
10550634579,latino,em,2,forced
10550634579,latino,hm,0,forced
10550634579,white,em,4,forced
10550634579,white,hm,1,forced
10550681622,asian,em,0,forced
10550681622,asian,hm,1,forced
10550681622,black,em,0,forced
10550681622,black,hm,0,forced
10550681622,latino,em,1,forced
10550681622,latino,hm,2,forced
10550681622,white,em,3,forced
10550681622,white,hm,3,forced
10550682379,asian,em,2,forced
10550682379,asian,hm,2,forced
10550682379,black,em,0,forced
10550682379,black,hm,0,forced
10550682379,latino,em,1,forced
10550682379,latino,hm,3,forced
10550682379,white,em,1,forced
10550682379,white,hm,1,forced
10550707300,asian,em,0,forced
10550707300,asian,hm,2,forced
10550707300,black,em,0,forced
10550707300,black,hm,1,forced
10550707300,latino,em,0,forced
10550707300,latino,hm,1,forced
10550707300,white,em,3,forced
10550707300,white,hm,3,forced
10550766856,asian,em,0,forced
10550766856,asian,hm,0,forced
10550766856,black,em,2,forced
10550766856,black,hm,2,forced
10550766856,latino,em,1,forced
10550766856,latino,hm,2,forced
10550766856,white,em,0,forced
10550766856,white,hm,3,forced
10550773491,asian,em,0,forced
10550773491,asian,hm,0,forced
10550773491,black,em,0,forced
10550773491,black,hm,0,forced
10550773491,latino,em,2,forced
10550773491,latino,hm,2,forced
10550773491,white,em,2,forced
10550773491,white,hm,4,forced
10550776349,asian,em,2,forced
10550776349,asian,hm,1,forced
10550776349,black,em,0,forced
10550776349,black,hm,0,forced
10550776349,latino,em,0,forced
10550776349,latino,hm,0,forced
10550776349,white,em,3,forced
10550776349,white,hm,4,forced
10550778848,asian,em,4,forced
10550778848,asian,hm,1,forced
10550778848,black,em,0,forced
10550778848,black,hm,1,forced
10550778848,latino,em,0,forced
10550778848,latino,hm,0,forced
10550778848,white,em,2,forced
10550778848,white,hm,2,forced
10550778897,asian,em,0,forced
10550778897,asian,hm,1,forced
10550778897,black,em,0,forced
10550778897,black,hm,2,forced
10550778897,latino,em,0,forced
10550778897,latino,hm,1,forced
10550778897,white,em,2,forced
10550778897,white,hm,4,forced
10550779439,asian,em,0,forced
10550779439,asian,hm,1,forced
10550779439,black,em,0,forced
10550779439,black,hm,1,forced
10550779439,latino,em,0,forced
10550779439,latino,hm,2,forced
10550779439,white,em,2,forced
10550779439,white,hm,4,forced
10550783519,asian,em,1,forced
10550783519,asian,hm,0,forced
10550783519,black,em,0,forced
10550783519,black,hm,0,forced
10550783519,latino,em,3,forced
10550783519,latino,hm,1,forced
10550783519,white,em,3,forced
10550783519,white,hm,2,forced
10550786590,asian,em,0,forced
10550786590,asian,hm,1,forced
10550786590,black,em,1,forced
10550786590,black,hm,1,forced
10550786590,latino,em,1,forced
10550786590,latino,hm,2,forced
10550786590,white,em,2,forced
10550786590,white,hm,2,forced
10550792395,asian,em,2,forced
10550792395,asian,hm,0,forced
10550792395,black,em,0,forced
10550792395,black,hm,1,forced
10550792395,latino,em,1,forced
10550792395,latino,hm,2,forced
10550792395,white,em,3,forced
10550792395,white,hm,1,forced
10550843433,asian,em,0,forced
10550843433,asian,hm,2,forced
10550843433,black,em,1,forced
10550843433,black,hm,2,forced
10550843433,latino,em,0,forced
10550843433,latino,hm,3,forced
10550843433,white,em,0,forced
10550843433,white,hm,2,forced
10550878607,asian,em,1,forced
10550878607,asian,hm,2,forced
10550878607,black,em,1,forced
10550878607,black,hm,0,forced
10550878607,latino,em,1,forced
10550878607,latino,hm,2,forced
10550878607,white,em,1,forced
10550878607,white,hm,2,forced
10551324535,asian,em,0,forced
10551324535,asian,hm,0,forced
10551324535,black,em,0,forced
10551324535,black,hm,0,forced
10551324535,latino,em,2,forced
10551324535,latino,hm,2,forced
10551324535,white,em,3,forced
10551324535,white,hm,3,forced
10551426544,asian,em,0,forced
10551426544,asian,hm,0,forced
10551426544,black,em,0,forced
10551426544,black,hm,0,forced
10551426544,latino,em,2,forced
10551426544,latino,hm,3,forced
10551426544,white,em,2,forced
10551426544,white,hm,3,forced
10551427956,asian,em,1,forced
10551427956,asian,hm,4,forced
10551427956,black,em,0,forced
10551427956,black,hm,0,forced
10551427956,latino,em,0,forced
10551427956,latino,hm,3,forced
10551427956,white,em,0,forced
10551427956,white,hm,2,forced
10551587366,asian,em,1,forced
10551587366,asian,hm,1,forced
10551587366,black,em,0,forced
10551587366,black,hm,1,forced
10551587366,latino,em,1,forced
10551587366,latino,hm,1,forced
10551587366,white,em,1,forced
10551587366,white,hm,4,forced
10551604466,asian,em,0,forced
10551604466,asian,hm,1,forced
10551604466,black,em,0,forced
10551604466,black,hm,1,forced
10551604466,latino,em,1,forced
10551604466,latino,hm,4,forced
10551604466,white,em,1,forced
10551604466,white,hm,2,forced
10551660340,asian,em,0,forced
10551660340,asian,hm,3,forced
10551660340,black,em,0,forced
10551660340,black,hm,1,forced
10551660340,latino,em,0,forced
10551660340,latino,hm,3,forced
10551660340,white,em,0,forced
10551660340,white,hm,3,forced
10553140999,asian,em,1,forced
10553140999,asian,hm,2,forced
10553140999,black,em,2,forced
10553140999,black,hm,3,forced
10553140999,latino,em,0,forced
10553140999,latino,hm,0,forced
10553140999,white,em,0,forced
10553140999,white,hm,2,forced
10553377571,asian,em,3,forced
10553377571,asian,hm,0,forced
10553377571,black,em,0,forced
10553377571,black,hm,1,forced
10553377571,latino,em,1,forced
10553377571,latino,hm,0,forced
10553377571,white,em,3,forced
10553377571,white,hm,2,forced
10553503672,asian,em,0,forced
10553503672,asian,hm,5,forced
10553503672,black,em,0,forced
10553503672,black,hm,1,forced
10553503672,latino,em,1,forced
10553503672,latino,hm,0,forced
10553503672,white,em,0,forced
10553503672,white,hm,3,forced
10553581852,asian,em,0,forced
10553581852,asian,hm,0,forced
10553581852,black,em,0,forced
10553581852,black,hm,0,forced
10553581852,latino,em,2,forced
10553581852,latino,hm,4,forced
10553581852,white,em,2,forced
10553581852,white,hm,2,forced
10553732902,asian,em,1,forced
10553732902,asian,hm,3,forced
10553732902,black,em,0,forced
10553732902,black,hm,1,forced
10553732902,latino,em,1,forced
10553732902,latino,hm,2,forced
10553732902,white,em,0,forced
10553732902,white,hm,2,forced
10554206996,asian,em,0,forced
10554206996,asian,hm,0,forced
10554206996,black,em,0,forced
10554206996,black,hm,1,forced
10554206996,latino,em,1,forced
10554206996,latino,hm,2,forced
10554206996,white,em,2,forced
10554206996,white,hm,4,forced
10554537644,asian,em,0,forced
10554537644,asian,hm,0,forced
10554537644,black,em,1,forced
10554537644,black,hm,1,forced
10554537644,latino,em,4,forced
10554537644,latino,hm,1,forced
10554537644,white,em,2,forced
10554537644,white,hm,1,forced
10554770359,asian,em,1,forced
10554770359,asian,hm,2,forced
10554770359,black,em,0,forced
10554770359,black,hm,0,forced
10554770359,latino,em,1,forced
10554770359,latino,hm,4,forced
10554770359,white,em,1,forced
10554770359,white,hm,1,forced
10554778918,asian,em,1,forced
10554778918,asian,hm,0,forced
10554778918,black,em,1,forced
10554778918,black,hm,0,forced
10554778918,latino,em,1,forced
10554778918,latino,hm,2,forced
10554778918,white,em,2,forced
10554778918,white,hm,3,forced
10554806551,asian,em,0,forced
10554806551,asian,hm,0,forced
10554806551,black,em,0,forced
10554806551,black,hm,1,forced
10554806551,latino,em,2,forced
10554806551,latino,hm,2,forced
10554806551,white,em,1,forced
10554806551,white,hm,4,forced
10554807142,asian,em,1,forced
10554807142,asian,hm,1,forced
10554807142,black,em,0,forced
10554807142,black,hm,1,forced
10554807142,latino,em,2,forced
10554807142,latino,hm,1,forced
10554807142,white,em,2,forced
10554807142,white,hm,2,forced
10554886851,asian,em,0,forced
10554886851,asian,hm,2,forced
10554886851,black,em,0,forced
10554886851,black,hm,1,forced
10554886851,latino,em,1,forced
10554886851,latino,hm,0,forced
10554886851,white,em,2,forced
10554886851,white,hm,4,forced
10555979134,asian,em,0,forced
10555979134,asian,hm,2,forced
10555979134,black,em,0,forced
10555979134,black,hm,0,forced
10555979134,latino,em,1,forced
10555979134,latino,hm,3,forced
10555979134,white,em,1,forced
10555979134,white,hm,3,forced
10556076118,asian,em,0,forced
10556076118,asian,hm,0,forced
10556076118,black,em,0,forced
10556076118,black,hm,0,forced
10556076118,latino,em,2,forced
10556076118,latino,hm,3,forced
10556076118,white,em,2,forced
10556076118,white,hm,3,forced
10557137408,asian,em,0,forced
10557137408,asian,hm,1,forced
10557137408,black,em,2,forced
10557137408,black,hm,2,forced
10557137408,latino,em,4,forced
10557137408,latino,hm,0,forced
10557137408,white,em,0,forced
10557137408,white,hm,1,forced
10557179809,asian,em,0,forced
10557179809,asian,hm,1,forced
10557179809,black,em,1,forced
10557179809,black,hm,1,forced
10557179809,latino,em,3,forced
10557179809,latino,hm,2,forced
10557179809,white,em,1,forced
10557179809,white,hm,1,forced
10557190664,asian,em,0,forced
10557190664,asian,hm,1,forced
10557190664,black,em,3,forced
10557190664,black,hm,1,forced
10557190664,latino,em,3,forced
10557190664,latino,hm,2,forced
10557190664,white,em,0,forced
10557190664,white,hm,0,forced
10557196935,asian,em,0,forced
10557196935,asian,hm,2,forced
10557196935,black,em,0,forced
10557196935,black,hm,2,forced
10557196935,latino,em,0,forced
10557196935,latino,hm,1,forced
10557196935,white,em,1,forced
10557196935,white,hm,4,forced
10557266095,asian,em,1,forced
10557266095,asian,hm,0,forced
10557266095,black,em,0,forced
10557266095,black,hm,1,forced
10557266095,latino,em,1,forced
10557266095,latino,hm,1,forced
10557266095,white,em,2,forced
10557266095,white,hm,4,forced
10557621417,asian,em,1,forced
10557621417,asian,hm,0,forced
10557621417,black,em,0,forced
10557621417,black,hm,1,forced
10557621417,latino,em,2,forced
10557621417,latino,hm,2,forced
10557621417,white,em,2,forced
10557621417,white,hm,2,forced
10557696204,asian,em,0,forced
10557696204,asian,hm,0,forced
10557696204,black,em,1,forced
10557696204,black,hm,1,forced
10557696204,latino,em,1,forced
10557696204,latino,hm,3,forced
10557696204,white,em,1,forced
10557696204,white,hm,3,forced
10557730075,asian,em,0,forced
10557730075,asian,hm,0,forced
10557730075,black,em,0,forced
10557730075,black,hm,1,forced
10557730075,latino,em,1,forced
10557730075,latino,hm,4,forced
10557730075,white,em,2,forced
10557730075,white,hm,2,forced
10557750461,asian,em,0,forced
10557750461,asian,hm,0,forced
10557750461,black,em,1,forced
10557750461,black,hm,1,forced
10557750461,latino,em,1,forced
10557750461,latino,hm,3,forced
10557750461,white,em,1,forced
10557750461,white,hm,3,forced
10557759317,asian,em,0,forced
10557759317,asian,hm,2,forced
10557759317,black,em,3,forced
10557759317,black,hm,2,forced
10557759317,latino,em,1,forced
10557759317,latino,hm,0,forced
10557759317,white,em,1,forced
10557759317,white,hm,1,forced
10557801073,asian,em,0,forced
10557801073,asian,hm,0,forced
10557801073,black,em,1,forced
10557801073,black,hm,1,forced
10557801073,latino,em,1,forced
10557801073,latino,hm,1,forced
10557801073,white,em,2,forced
10557801073,white,hm,4,forced
10557853015,asian,em,0,forced
10557853015,asian,hm,0,forced
10557853015,black,em,1,forced
10557853015,black,hm,0,forced
10557853015,latino,em,3,forced
10557853015,latino,hm,3,forced
10557853015,white,em,2,forced
10557853015,white,hm,1,forced
10558329096,asian,em,1,forced
10558329096,asian,hm,2,forced
10558329096,black,em,1,forced
10558329096,black,hm,1,forced
10558329096,latino,em,1,forced
10558329096,latino,hm,2,forced
10558329096,white,em,0,forced
10558329096,white,hm,2,forced
10558682104,asian,em,0,forced
10558682104,asian,hm,1,forced
10558682104,black,em,1,forced
10558682104,black,hm,2,forced
10558682104,latino,em,1,forced
10558682104,latino,hm,3,forced
10558682104,white,em,0,forced
10558682104,white,hm,2,forced
10559014710,asian,em,0,forced
10559014710,asian,hm,0,forced
10559014710,black,em,1,forced
10559014710,black,hm,2,forced
10559014710,latino,em,1,forced
10559014710,latino,hm,2,forced
10559014710,white,em,1,forced
10559014710,white,hm,3,forced
10559081276,asian,em,1,forced
10559081276,asian,hm,0,forced
10559081276,black,em,0,forced
10559081276,black,hm,1,forced
10559081276,latino,em,3,forced
10559081276,latino,hm,1,forced
10559081276,white,em,3,forced
10559081276,white,hm,1,forced
10559292306,asian,em,2,forced
10559292306,asian,hm,1,forced
10559292306,black,em,2,forced
10559292306,black,hm,2,forced
10559292306,latino,em,2,forced
10559292306,latino,hm,0,forced
10559292306,white,em,0,forced
10559292306,white,hm,1,forced
10559695350,asian,em,0,forced
10559695350,asian,hm,1,forced
10559695350,black,em,0,forced
10559695350,black,hm,0,forced
10559695350,latino,em,1,forced
10559695350,latino,hm,1,forced
10559695350,white,em,3,forced
10559695350,white,hm,4,forced
10559730353,asian,em,0,forced
10559730353,asian,hm,0,forced
10559730353,black,em,0,forced
10559730353,black,hm,0,forced
10559730353,latino,em,2,forced
10559730353,latino,hm,2,forced
10559730353,white,em,2,forced
10559730353,white,hm,4,forced
10559870153,asian,em,0,forced
10559870153,asian,hm,0,forced
10559870153,black,em,0,forced
10559870153,black,hm,0,forced
10559870153,latino,em,4,forced
10559870153,latino,hm,1,forced
10559870153,white,em,2,forced
10559870153,white,hm,3,forced
10559904786,asian,em,0,forced
10559904786,asian,hm,0,forced
10559904786,black,em,2,forced
10559904786,black,hm,2,forced
10559904786,latino,em,1,forced
10559904786,latino,hm,3,forced
10559904786,white,em,0,forced
10559904786,white,hm,2,forced
10560030626,asian,em,1,forced
10560030626,asian,hm,0,forced
10560030626,black,em,1,forced
10560030626,black,hm,1,forced
10560030626,latino,em,2,forced
10560030626,latino,hm,2,forced
10560030626,white,em,1,forced
10560030626,white,hm,2,forced
10560328842,asian,em,0,forced
10560328842,asian,hm,1,forced
10560328842,black,em,3,forced
10560328842,black,hm,1,forced
10560328842,latino,em,2,forced
10560328842,latino,hm,1,forced
10560328842,white,em,1,forced
10560328842,white,hm,1,forced
10561310258,asian,em,0,forced
10561310258,asian,hm,1,forced
10561310258,black,em,0,forced
10561310258,black,hm,0,forced
10561310258,latino,em,1,forced
10561310258,latino,hm,4,forced
10561310258,white,em,2,forced
10561310258,white,hm,2,forced
10561370135,asian,em,0,forced
10561370135,asian,hm,1,forced
10561370135,black,em,0,forced
10561370135,black,hm,0,forced
10561370135,latino,em,1,forced
10561370135,latino,hm,2,forced
10561370135,white,em,3,forced
10561370135,white,hm,3,forced
10561486687,asian,em,0,forced
10561486687,asian,hm,2,forced
10561486687,black,em,0,forced
10561486687,black,hm,3,forced
10561486687,latino,em,1,forced
10561486687,latino,hm,2,forced
10561486687,white,em,1,forced
10561486687,white,hm,1,forced
10562671064,asian,em,0,forced
10562671064,asian,hm,0,forced
10562671064,black,em,1,forced
10562671064,black,hm,1,forced
10562671064,latino,em,1,forced
10562671064,latino,hm,2,forced
10562671064,white,em,1,forced
10562671064,white,hm,4,forced
10563835707,asian,em,0,forced
10563835707,asian,hm,1,forced
10563835707,black,em,0,forced
10563835707,black,hm,0,forced
10563835707,latino,em,1,forced
10563835707,latino,hm,1,forced
10563835707,white,em,3,forced
10563835707,white,hm,4,forced
10564264622,asian,em,0,forced
10564264622,asian,hm,0,forced
10564264622,black,em,4,forced
10564264622,black,hm,2,forced
10564264622,latino,em,1,forced
10564264622,latino,hm,1,forced
10564264622,white,em,1,forced
10564264622,white,hm,1,forced
10564564078,asian,em,0,forced
10564564078,asian,hm,1,forced
10564564078,black,em,0,forced
10564564078,black,hm,3,forced
10564564078,latino,em,2,forced
10564564078,latino,hm,1,forced
10564564078,white,em,2,forced
10564564078,white,hm,1,forced
10564948425,asian,em,0,forced
10564948425,asian,hm,1,forced
10564948425,black,em,0,forced
10564948425,black,hm,0,forced
10564948425,latino,em,1,forced
10564948425,latino,hm,2,forced
10564948425,white,em,3,forced
10564948425,white,hm,3,forced
10565055111,asian,em,2,forced
10565055111,asian,hm,0,forced
10565055111,black,em,0,forced
10565055111,black,hm,1,forced
10565055111,latino,em,1,forced
10565055111,latino,hm,3,forced
10565055111,white,em,2,forced
10565055111,white,hm,1,forced
10565091197,asian,em,0,forced
10565091197,asian,hm,0,forced
10565091197,black,em,0,forced
10565091197,black,hm,1,forced
10565091197,latino,em,3,forced
10565091197,latino,hm,2,forced
10565091197,white,em,2,forced
10565091197,white,hm,2,forced
10565201337,asian,em,0,forced
10565201337,asian,hm,1,forced
10565201337,black,em,2,forced
10565201337,black,hm,2,forced
10565201337,latino,em,2,forced
10565201337,latino,hm,1,forced
10565201337,white,em,2,forced
10565201337,white,hm,0,forced
10565357542,asian,em,1,forced
10565357542,asian,hm,3,forced
10565357542,black,em,0,forced
10565357542,black,hm,2,forced
10565357542,latino,em,0,forced
10565357542,latino,hm,2,forced
10565357542,white,em,1,forced
10565357542,white,hm,1,forced
10565824890,asian,em,0,forced
10565824890,asian,hm,1,forced
10565824890,black,em,1,forced
10565824890,black,hm,1,forced
10565824890,latino,em,3,forced
10565824890,latino,hm,2,forced
10565824890,white,em,1,forced
10565824890,white,hm,1,forced
10566035417,asian,em,0,forced
10566035417,asian,hm,0,forced
10566035417,black,em,0,forced
10566035417,black,hm,0,forced
10566035417,latino,em,2,forced
10566035417,latino,hm,2,forced
10566035417,white,em,2,forced
10566035417,white,hm,4,forced
10566045552,asian,em,1,forced
10566045552,asian,hm,0,forced
10566045552,black,em,0,forced
10566045552,black,hm,0,forced
10566045552,latino,em,2,forced
10566045552,latino,hm,1,forced
10566045552,white,em,4,forced
10566045552,white,hm,2,forced
10566224464,asian,em,0,forced
10566224464,asian,hm,1,forced
10566224464,black,em,1,forced
10566224464,black,hm,1,forced
10566224464,latino,em,4,forced
10566224464,latino,hm,2,forced
10566224464,white,em,0,forced
10566224464,white,hm,1,forced
10566340272,asian,em,2,forced
10566340272,asian,hm,1,forced
10566340272,black,em,2,forced
10566340272,black,hm,0,forced
10566340272,latino,em,3,forced
10566340272,latino,hm,1,forced
10566340272,white,em,0,forced
10566340272,white,hm,1,forced
10566344307,asian,em,0,forced
10566344307,asian,hm,2,forced
10566344307,black,em,0,forced
10566344307,black,hm,2,forced
10566344307,latino,em,1,forced
10566344307,latino,hm,3,forced
10566344307,white,em,0,forced
10566344307,white,hm,2,forced
10566510074,asian,em,0,forced
10566510074,asian,hm,1,forced
10566510074,black,em,0,forced
10566510074,black,hm,1,forced
10566510074,latino,em,1,forced
10566510074,latino,hm,3,forced
10566510074,white,em,1,forced
10566510074,white,hm,3,forced
10567274516,asian,em,0,forced
10567274516,asian,hm,0,forced
10567274516,black,em,0,forced
10567274516,black,hm,2,forced
10567274516,latino,em,1,forced
10567274516,latino,hm,2,forced
10567274516,white,em,2,forced
10567274516,white,hm,3,forced
10567309209,asian,em,2,forced
10567309209,asian,hm,0,forced
10567309209,black,em,0,forced
10567309209,black,hm,0,forced
10567309209,latino,em,3,forced
10567309209,latino,hm,0,forced
10567309209,white,em,3,forced
10567309209,white,hm,2,forced
10567320758,asian,em,2,forced
10567320758,asian,hm,2,forced
10567320758,black,em,1,forced
10567320758,black,hm,1,forced
10567320758,latino,em,1,forced
10567320758,latino,hm,0,forced
10567320758,white,em,1,forced
10567320758,white,hm,2,forced
10567329933,asian,em,0,forced
10567329933,asian,hm,0,forced
10567329933,black,em,0,forced
10567329933,black,hm,0,forced
10567329933,latino,em,2,forced
10567329933,latino,hm,3,forced
10567329933,white,em,3,forced
10567329933,white,hm,2,forced
10567330186,asian,em,0,forced
10567330186,asian,hm,2,forced
10567330186,black,em,0,forced
10567330186,black,hm,1,forced
10567330186,latino,em,2,forced
10567330186,latino,hm,3,forced
10567330186,white,em,0,forced
10567330186,white,hm,2,forced
10567332672,asian,em,1,forced
10567332672,asian,hm,3,forced
10567332672,black,em,0,forced
10567332672,black,hm,0,forced
10567332672,latino,em,1,forced
10567332672,latino,hm,2,forced
10567332672,white,em,2,forced
10567332672,white,hm,1,forced
10567335547,asian,em,2,forced
10567335547,asian,hm,1,forced
10567335547,black,em,0,forced
10567335547,black,hm,1,forced
10567335547,latino,em,2,forced
10567335547,latino,hm,1,forced
10567335547,white,em,2,forced
10567335547,white,hm,1,forced
10567341608,asian,em,1,forced
10567341608,asian,hm,4,forced
10567341608,black,em,0,forced
10567341608,black,hm,1,forced
10567341608,latino,em,1,forced
10567341608,latino,hm,1,forced
10567341608,white,em,0,forced
10567341608,white,hm,2,forced
10567362177,asian,em,1,forced
10567362177,asian,hm,1,forced
10567362177,black,em,2,forced
10567362177,black,hm,1,forced
10567362177,latino,em,1,forced
10567362177,latino,hm,1,forced
10567362177,white,em,1,forced
10567362177,white,hm,2,forced
10567371556,asian,em,0,forced
10567371556,asian,hm,0,forced
10567371556,black,em,0,forced
10567371556,black,hm,0,forced
10567371556,latino,em,3,forced
10567371556,latino,hm,3,forced
10567371556,white,em,2,forced
10567371556,white,hm,2,forced
10567414857,asian,em,0,forced
10567414857,asian,hm,0,forced
10567414857,black,em,1,forced
10567414857,black,hm,0,forced
10567414857,latino,em,2,forced
10567414857,latino,hm,1,forced
10567414857,white,em,2,forced
10567414857,white,hm,4,forced
10567429878,asian,em,1,forced
10567429878,asian,hm,3,forced
10567429878,black,em,0,forced
10567429878,black,hm,1,forced
10567429878,latino,em,3,forced
10567429878,latino,hm,0,forced
10567429878,white,em,1,forced
10567429878,white,hm,1,forced
10567457347,asian,em,0,forced
10567457347,asian,hm,3,forced
10567457347,black,em,0,forced
10567457347,black,hm,2,forced
10567457347,latino,em,0,forced
10567457347,latino,hm,1,forced
10567457347,white,em,1,forced
10567457347,white,hm,3,forced
10567510501,asian,em,1,forced
10567510501,asian,hm,1,forced
10567510501,black,em,0,forced
10567510501,black,hm,1,forced
10567510501,latino,em,0,forced
10567510501,latino,hm,1,forced
10567510501,white,em,2,forced
10567510501,white,hm,4,forced
10567514935,asian,em,0,forced
10567514935,asian,hm,2,forced
10567514935,black,em,0,forced
10567514935,black,hm,0,forced
10567514935,latino,em,1,forced
10567514935,latino,hm,2,forced
10567514935,white,em,1,forced
10567514935,white,hm,4,forced
10567558561,asian,em,0,forced
10567558561,asian,hm,1,forced
10567558561,black,em,2,forced
10567558561,black,hm,2,forced
10567558561,latino,em,1,forced
10567558561,latino,hm,3,forced
10567558561,white,em,0,forced
10567558561,white,hm,1,forced
10567693647,asian,em,0,forced
10567693647,asian,hm,0,forced
10567693647,black,em,0,forced
10567693647,black,hm,0,forced
10567693647,latino,em,2,forced
10567693647,latino,hm,1,forced
10567693647,white,em,3,forced
10567693647,white,hm,4,forced
10568684216,asian,em,0,forced
10568684216,asian,hm,1,forced
10568684216,black,em,2,forced
10568684216,black,hm,2,forced
10568684216,latino,em,1,forced
10568684216,latino,hm,4,forced
10568684216,white,em,0,forced
10568684216,white,hm,0,forced
10569093260,asian,em,0,forced
10569093260,asian,hm,0,forced
10569093260,black,em,1,forced
10569093260,black,hm,0,forced
10569093260,latino,em,3,forced
10569093260,latino,hm,2,forced
10569093260,white,em,1,forced
10569093260,white,hm,3,forced
10569139683,asian,em,2,forced
10569139683,asian,hm,0,forced
10569139683,black,em,3,forced
10569139683,black,hm,2,forced
10569139683,latino,em,1,forced
10569139683,latino,hm,0,forced
10569139683,white,em,2,forced
10569139683,white,hm,0,forced
10569277629,asian,em,0,forced
10569277629,asian,hm,2,forced
10569277629,black,em,1,forced
10569277629,black,hm,2,forced
10569277629,latino,em,2,forced
10569277629,latino,hm,3,forced
10569277629,white,em,0,forced
10569277629,white,hm,0,forced
10569918291,asian,em,1,forced
10569918291,asian,hm,2,forced
10569918291,black,em,0,forced
10569918291,black,hm,1,forced
10569918291,latino,em,1,forced
10569918291,latino,hm,0,forced
10569918291,white,em,3,forced
10569918291,white,hm,2,forced
10570045078,asian,em,0,forced
10570045078,asian,hm,1,forced
10570045078,black,em,0,forced
10570045078,black,hm,1,forced
10570045078,latino,em,0,forced
10570045078,latino,hm,2,forced
10570045078,white,em,3,forced
10570045078,white,hm,3,forced
10570051710,asian,em,3,forced
10570051710,asian,hm,2,forced
10570051710,black,em,2,forced
10570051710,black,hm,0,forced
10570051710,latino,em,1,forced
10570051710,latino,hm,0,forced
10570051710,white,em,2,forced
10570051710,white,hm,0,forced
10572104210,asian,em,1,forced
10572104210,asian,hm,1,forced
10572104210,black,em,0,forced
10572104210,black,hm,1,forced
10572104210,latino,em,2,forced
10572104210,latino,hm,2,forced
10572104210,white,em,0,forced
10572104210,white,hm,3,forced
10572490685,asian,em,0,forced
10572490685,asian,hm,1,forced
10572490685,black,em,2,forced
10572490685,black,hm,3,forced
10572490685,latino,em,1,forced
10572490685,latino,hm,2,forced
10572490685,white,em,0,forced
10572490685,white,hm,1,forced
10572494298,asian,em,0,forced
10572494298,asian,hm,0,forced
10572494298,black,em,1,forced
10572494298,black,hm,2,forced
10572494298,latino,em,1,forced
10572494298,latino,hm,4,forced
10572494298,white,em,1,forced
10572494298,white,hm,1,forced
10572609074,asian,em,0,forced
10572609074,asian,hm,0,forced
10572609074,black,em,0,forced
10572609074,black,hm,1,forced
10572609074,latino,em,1,forced
10572609074,latino,hm,1,forced
10572609074,white,em,3,forced
10572609074,white,hm,4,forced
10573093817,asian,em,0,forced
10573093817,asian,hm,0,forced
10573093817,black,em,0,forced
10573093817,black,hm,2,forced
10573093817,latino,em,1,forced
10573093817,latino,hm,1,forced
10573093817,white,em,2,forced
10573093817,white,hm,4,forced
10574351860,asian,em,1,forced
10574351860,asian,hm,1,forced
10574351860,black,em,0,forced
10574351860,black,hm,0,forced
10574351860,latino,em,0,forced
10574351860,latino,hm,2,forced
10574351860,white,em,3,forced
10574351860,white,hm,3,forced
10574399154,asian,em,0,forced
10574399154,asian,hm,1,forced
10574399154,black,em,2,forced
10574399154,black,hm,2,forced
10574399154,latino,em,1,forced
10574399154,latino,hm,1,forced
10574399154,white,em,1,forced
10574399154,white,hm,2,forced
10574399961,asian,em,3,forced
10574399961,asian,hm,0,forced
10574399961,black,em,3,forced
10574399961,black,hm,0,forced
10574399961,latino,em,4,forced
10574399961,latino,hm,0,forced
10574399961,white,em,0,forced
10574399961,white,hm,0,forced
10575178592,asian,em,0,forced
10575178592,asian,hm,2,forced
10575178592,black,em,0,forced
10575178592,black,hm,1,forced
10575178592,latino,em,0,forced
10575178592,latino,hm,2,forced
10575178592,white,em,1,forced
10575178592,white,hm,4,forced
10575564367,asian,em,1,forced
10575564367,asian,hm,1,forced
10575564367,black,em,1,forced
10575564367,black,hm,0,forced
10575564367,latino,em,1,forced
10575564367,latino,hm,3,forced
10575564367,white,em,0,forced
10575564367,white,hm,3,forced
10575582603,asian,em,0,forced
10575582603,asian,hm,2,forced
10575582603,black,em,0,forced
10575582603,black,hm,2,forced
10575582603,latino,em,1,forced
10575582603,latino,hm,2,forced
10575582603,white,em,0,forced
10575582603,white,hm,3,forced
10575786682,asian,em,0,forced
10575786682,asian,hm,3,forced
10575786682,black,em,0,forced
10575786682,black,hm,0,forced
10575786682,latino,em,1,forced
10575786682,latino,hm,3,forced
10575786682,white,em,0,forced
10575786682,white,hm,3,forced
10575905406,asian,em,2,forced
10575905406,asian,hm,2,forced
10575905406,black,em,1,forced
10575905406,black,hm,0,forced
10575905406,latino,em,1,forced
10575905406,latino,hm,2,forced
10575905406,white,em,1,forced
10575905406,white,hm,1,forced
10576459547,asian,em,1,forced
10576459547,asian,hm,2,forced
10576459547,black,em,3,forced
10576459547,black,hm,0,forced
10576459547,latino,em,1,forced
10576459547,latino,hm,1,forced
10576459547,white,em,0,forced
10576459547,white,hm,2,forced
10577121393,asian,em,2,forced
10577121393,asian,hm,1,forced
10577121393,black,em,1,forced
10577121393,black,hm,0,forced
10577121393,latino,em,0,forced
10577121393,latino,hm,2,forced
10577121393,white,em,1,forced
10577121393,white,hm,3,forced
10577885592,asian,em,0,forced
10577885592,asian,hm,1,forced
10577885592,black,em,1,forced
10577885592,black,hm,3,forced
10577885592,latino,em,1,forced
10577885592,latino,hm,2,forced
10577885592,white,em,1,forced
10577885592,white,hm,1,forced
10578286144,asian,em,0,forced
10578286144,asian,hm,0,forced
10578286144,black,em,0,forced
10578286144,black,hm,0,forced
10578286144,latino,em,3,forced
10578286144,latino,hm,3,forced
10578286144,white,em,2,forced
10578286144,white,hm,2,forced
