id,start,end,consent,sex_orient,gender,single,out,pic,age,body,ethnicity,sex_position,si_popular,si_racialgrp,si_react,si_appearance,si_masc,si_reputation,si_attractive,si_skincolor,si_gestures,si_socialbhvr,fc_1,fc_2,fc_3,fc_4,fc_5,fc_6,fc_7,fc_8,fc_9,fc_10
10578286144,2019-03-07T17:24:00Z,2019-03-07T17:36:00Z,I agree,Gay,Man,Single,Everyone,Face only,30,Average,Asian,Bottom,3,2,4,2,3,5,4,1,2,3,white-em-01,white-hm-02,latino-hm-01,white-hm-04,latino-em-03,white-em-04,latino-hm-03,latino-em-05,latino-hm-02,latino-em-04
10577885592,2019-03-07T14:47:00Z,2019-03-07T14:55:00Z,I agree,Gay,Man,Single,Most of my friends,Face only,25,Slim,Asian,Bottom,3,5,4,5,2,4,4,2,3,3,asian-hm-02,black-hm-04,white-em-05,white-hm-04,black-hm-02,black-em-04,latino-hm-03,latino-hm-05,black-hm-01,latino-em-01
10577121393,2019-03-07T10:08:00Z,2019-03-07T10:22:00Z,I agree,Gay,Man,Single,Most of my friends,Face only,39,Average,Asian,Bottom,1,3,2,4,2,1,4,1,2,4,white-em-01,white-hm-02,white-hm-03,asian-em-04,asian-hm-04,black-em-04,latino-hm-03,white-hm-01,latino-hm-02,asian-em-02
10576459547,2019-03-07T04:39:00Z,2019-03-07T04:47:00Z,I agree,Gay,Man,Single,Everyone,Body only,35,Average,Black,Versatile,1,1,1,2,1,2,1,1,1,1,asian-hm-02,white-hm-02,black-em-01,black-em-05,asian-hm-04,black-em-04,asian-em-05,white-hm-05,latino-hm-02,latino-em-04
10575905406,2019-03-06T21:55:00Z,2019-03-06T22:10:00Z,I agree,Gay,Man,Single,Everyone,Face only,19,Toned,White,Bottom,4,2,1,4,1,1,4,3,2,3,white-em-03,white-hm-02,latino-hm-01,asian-em-04,latino-em-03,black-em-04,asian-hm-01,latino-hm-05,asian-em-01,asian-hm-05
10575786682,2019-03-06T20:37:00Z,2019-03-06T20:44:00Z,I agree,Bisexual/curious,Man,Single,Everyone,Body and face,41,Muscular,White,Top,1,1,1,1,1,4,1,1,1,1,asian-hm-02,white-hm-02,latino-hm-01,white-hm-04,latino-em-03,asian-hm-03,latino-hm-04,white-hm-01,latino-hm-02,asian-hm-05
10575582603,2019-03-06T18:36:00Z,2019-03-06T18:42:00Z,I agree,Gay,Man,Relationship,Everyone,Body only,30,Average,Black,Versatile,1,4,1,5,1,1,3,5,1,1,asian-hm-02,black-hm-04,white-hm-03,white-hm-04,black-hm-02,asian-hm-03,latino-hm-03,white-hm-01,latino-hm-02,latino-em-04
10575564367,2019-03-06T18:25:00Z,2019-03-06T18:40:00Z,I agree,Gay,Man,Single,A few family members,Body only,29,Toned,Black,Bottom,4,3,4,4,5,5,4,4,4,3,asian-hm-02,white-hm-02,white-hm-03,white-hm-04,latino-em-03,black-em-04,latino-hm-03,latino-hm-05,latino-hm-02,asian-em-02
10575178592,2019-03-06T15:27:00Z,2019-03-06T15:34:00Z,I agree,Bisexual/curious,Man,Single,Only the guys I have sex with,Body and face,23,Muscular,Black,Top,4,3,3,5,3,4,4,3,1,1,white-em-03,white-hm-02,white-hm-03,white-hm-04,black-hm-03,asian-hm-03,latino-hm-04,white-hm-01,latino-hm-02,asian-hm-05
10574399961,2019-03-06T10:50:00Z,2019-03-06T11:01:00Z,I agree,Gay,Man,Dating,Everyone,Face only,30,Slim,Latino,Top,3,5,1,4,1,3,4,1,1,1,black-em-03,black-em-02,black-em-01,asian-em-04,latino-em-03,latino-em-02,asian-em-05,latino-em-05,asian-em-01,latino-em-04
10574399154,2019-03-06T10:52:00Z,2019-03-06T10:58:00Z,I agree,Bisexual/curious,Man,Relationship,Everyone,Body and face,24,Average,Mixed,Versatile,1,1,1,1,1,1,3,1,1,1,asian-hm-02,black-hm-04,white-hm-03,black-em-05,black-hm-03,black-em-04,latino-hm-03,white-hm-05,white-em-02,latino-em-01
10574351860,2019-03-06T10:36:00Z,2019-03-06T10:44:00Z,I agree,Gay,Man,Single,Everyone,Face only,26,Average,Mixed,Versatile,2,1,1,1,1,2,3,1,3,1,white-em-03,white-hm-02,latino-hm-01,white-hm-04,asian-hm-04,white-em-04,latino-hm-04,white-hm-01,white-em-02,asian-em-02
10573093817,2019-03-05T22:35:00Z,2019-03-05T22:41:00Z,I agree,Gay,Man,Single,Everyone,Face only,25,Slim,White,Top,2,1,4,4,3,4,3,1,3,3,white-em-03,white-hm-02,white-hm-03,white-hm-04,black-hm-03,white-em-04,latino-hm-04,white-hm-01,black-hm-01,latino-em-04
10572609074,2019-03-05T17:52:00Z,2019-03-05T17:57:00Z,I agree,Mostly gay,Man,Single,Everyone,Body and face,24,Muscular,Black,Bottom,2,1,3,4,3,3,4,5,3,2,white-em-01,white-hm-02,white-hm-03,white-hm-04,black-hm-03,white-em-04,latino-hm-04,white-hm-05,white-em-02,latino-em-01
10572494298,2019-03-05T17:00:00Z,2019-03-05T17:07:00Z,I agree,Mostly gay,Man,Relationship,Everyone,Face only,21,Slim,White,Versatile,3,3,5,2,1,4,4,2,2,4,white-em-03,black-hm-05,latino-hm-01,white-hm-04,black-hm-02,black-em-04,latino-hm-03,latino-hm-05,latino-hm-02,latino-em-04
10572490685,2019-03-05T16:56:00Z,2019-03-05T17:06:00Z,I agree,Pansexual,Man,Single,Everyone,Body and face,22,Slim,Black,Versatile,2,5,3,3,1,1,1,5,1,1,black-em-03,black-hm-05,latino-hm-01,white-hm-04,black-hm-03,black-em-04,latino-hm-03,latino-em-05,black-hm-01,asian-hm-05
10572104210,2019-03-05T14:30:00Z,2019-03-05T14:40:00Z,I agree,Gay,Man,Relationship,Everyone,Body and face,36,Slim,Asian,Versatile,2,4,3,3,2,3,2,2,2,2,asian-hm-02,white-hm-02,latino-hm-01,white-hm-04,black-hm-02,latino-em-02,latino-hm-03,white-hm-05,asian-em-01,latino-em-01
10570051710,2019-03-04T20:02:00Z,2019-03-04T20:09:00Z,I agree,Gay,Man,Dating,Everyone,Face only,34,Toned,Asian,Versatile,3,4,4,5,3,5,5,5,4,3,white-em-01,black-em-02,black-em-01,asian-em-04,asian-hm-04,white-em-04,asian-hm-01,latino-em-05,asian-em-01,asian-em-02
10570045078,2019-03-04T19:53:00Z,2019-03-04T20:07:00Z,I agree,Gay,Man,Single,Most of my friends,Face only,24,Average,Black,Versatile,2,4,3,3,2,4,3,3,2,2,white-em-01,white-hm-02,white-em-05,white-hm-04,black-hm-02,white-em-04,latino-hm-03,white-hm-01,latino-hm-02,asian-hm-05
10569918291,2019-03-04T18:43:00Z,2019-03-04T18:50:00Z,I agree,Gay,Man,Relationship,Most of my family,Face only,42,Average,White,Bottom,3,4,4,4,3,4,4,2,3,3,white-em-01,black-hm-05,white-hm-03,asian-em-03,latino-em-03,white-em-04,asian-hm-01,white-hm-05,white-em-02,asian-hm-05
10569277629,2019-03-04T14:10:00Z,2019-03-04T14:20:00Z,I agree,Gay,Man,Single,Everyone,Body and face,50,Average,Black,Top,1,5,1,2,1,3,2,5,1,1,asian-hm-02,black-hm-04,latino-hm-01,black-em-05,black-hm-02,asian-hm-03,latino-hm-03,latino-em-05,latino-hm-02,latino-em-04
10569139683,2019-03-04T13:18:00Z,2019-03-04T13:30:00Z,I agree,Gay,Man,Single,A few friends,Body only,25,Slim,Black,Versatile,5,5,5,5,5,5,5,5,5,5,white-em-01,black-em-02,white-em-05,black-em-05,black-hm-03,black-em-04,asian-em-05,latino-em-05,black-hm-01,asian-em-02
10569093260,2019-03-04T13:00:00Z,2019-03-04T13:10:00Z,I agree,Gay,Man,Single,Most of my friends,Face only,19,Stocky,Other,Versatile,4,1,2,3,4,3,5,1,4,4,white-em-03,white-hm-02,white-hm-03,white-hm-04,latino-em-03,black-em-04,latino-hm-03,latino-em-05,latino-hm-02,latino-em-04
10568684216,2019-03-04T10:42:00Z,2019-03-04T10:50:00Z,I agree,Gay,Man,Single,Most of my friends,Body and face,46,Average,Black,Versatile,1,1,2,2,1,2,3,1,1,1,asian-hm-02,black-hm-04,latino-hm-01,black-em-05,black-hm-03,black-em-04,latino-hm-03,latino-hm-05,latino-hm-02,latino-em-04
10567693647,2019-03-04T00:07:00Z,2019-03-04T09:04:00Z,I agree,Mostly gay,Man,Dating,Most of my friends,Body and face,31,Stocky,Latino,Top,1,4,5,5,3,1,3,1,3,2,white-em-01,white-hm-02,white-hm-03,white-hm-04,latino-em-03,white-em-04,latino-hm-03,white-hm-01,white-em-02,latino-em-04
10567558561,2019-03-03T21:36:00Z,2019-03-03T21:42:00Z,I agree,Gay,Man,Single,Everyone,Face only,30,Average,Black,Bottom,1,1,4,3,1,4,2,1,1,1,asian-hm-02,black-hm-04,latino-hm-01,black-em-05,black-hm-03,black-em-04,latino-hm-03,white-hm-01,latino-hm-02,latino-em-04
10567514935,2019-03-03T20:51:00Z,2019-03-03T20:58:00Z,I agree,Mostly gay,Man,Single,Only the guys I have sex with,Something random,24,Large,White,Versatile,1,3,4,4,4,4,4,1,3,3,asian-hm-02,white-hm-02,white-hm-03,white-hm-04,asian-hm-04,white-em-04,latino-hm-04,white-hm-01,latino-hm-02,latino-em-01
10567510501,2019-03-03T20:47:00Z,2019-03-03T20:51:00Z,I agree,Gay,Man,Relationship,Most of my friends,Face only,21,Slim,Asian,Bottom,2,2,2,2,2,2,2,2,2,2,asian-hm-02,white-hm-02,white-hm-03,white-hm-04,black-hm-02,white-em-04,latino-hm-03,white-hm-01,white-em-02,asian-em-02
10567457347,2019-03-03T19:49:00Z,2019-03-03T19:59:00Z,I agree,Gay,Man,Single,Everyone,Face only,26,Slim,Latino,Bottom,3,1,3,5,3,4,3,2,4,4,asian-hm-02,white-hm-02,white-em-05,white-hm-04,black-hm-02,asian-hm-03,latino-hm-03,white-hm-05,black-hm-01,asian-hm-05
10567429878,2019-03-03T19:20:00Z,2019-03-03T19:26:00Z,I agree,Bisexual/curious,Man,Single,Most of my friends,Face only,20,Stocky,Latino,Bottom,3,4,2,3,3,3,3,1,1,2,asian-hm-02,black-hm-05,white-hm-03,asian-em-04,latino-em-03,asian-hm-03,asian-hm-01,latino-em-05,white-em-02,latino-em-04
10567414857,2019-03-03T19:02:00Z,2019-03-03T19:07:00Z,I agree,Gay,Man,Single,Everyone,Body and face,29,Slim,Latino,Bottom,1,1,3,4,3,1,3,4,3,4,white-em-01,white-hm-02,white-hm-03,white-hm-04,latino-em-03,black-em-04,latino-hm-03,white-hm-01,white-em-02,latino-em-01
10567371556,2019-03-03T18:12:00Z,2019-03-03T18:23:00Z,I agree,Gay,Man,Single,A few family members,Body and face,25,Muscular,Middle Eastern,Top,5,5,5,5,5,5,5,5,5,5,white-em-01,white-hm-02,latino-hm-01,white-hm-04,latino-em-03,white-em-04,latino-hm-03,latino-em-05,latino-hm-02,latino-em-04
10567362177,2019-03-03T18:01:00Z,2019-03-03T18:25:00Z,I agree,Gay,Man,Single,Everyone,Face only,33,Average,Latino,Bottom,1,1,1,2,2,1,2,2,1,1,white-em-01,black-hm-04,white-hm-03,black-em-05,asian-hm-04,black-em-04,asian-em-05,white-hm-01,latino-hm-02,latino-em-04
10567341608,2019-03-03T17:36:00Z,2019-03-03T17:47:00Z,I agree,Gay,Man,Single,Most of my family,Body and face,54,Stocky,Latino,Bottom,3,1,3,2,2,4,2,2,2,3,asian-hm-02,black-hm-04,white-hm-03,asian-em-03,asian-hm-04,asian-hm-03,asian-hm-01,white-hm-01,latino-hm-02,latino-em-04
10567335547,2019-03-03T17:31:00Z,2019-03-03T17:38:00Z,I agree,Gay,Man,Single,Everyone,Body only,24,Average,Latino,Versatile,3,3,3,4,3,3,4,1,1,3,white-em-03,black-hm-04,latino-hm-01,asian-em-03,latino-em-03,asian-hm-03,asian-em-05,white-hm-05,white-em-02,latino-em-04
10567332672,2019-03-03T17:27:00Z,2019-03-03T17:33:00Z,I agree,Bisexual/curious,Man,Single,Only the guys I have sex with,Body only,26,Stocky,Latino,Bottom,2,1,2,4,2,3,4,3,3,3,white-em-03,white-hm-02,white-em-05,asian-em-03,asian-hm-04,asian-hm-03,asian-hm-01,latino-hm-05,latino-hm-02,latino-em-04
10567330186,2019-03-03T17:25:00Z,2019-03-03T17:32:00Z,I agree,Gay,Man,Relationship,Everyone,Body only,50,Average,Latino,Top,1,1,2,1,5,1,1,1,1,1,asian-hm-02,white-hm-02,latino-hm-01,white-hm-04,black-hm-02,asian-hm-03,latino-hm-03,latino-em-05,latino-hm-02,latino-em-04
10567329933,2019-03-03T17:23:00Z,2019-03-03T17:43:00Z,I agree,Gay,Man,Single,Everyone,Face only,23,Slim,Latino,Bottom,3,5,5,4,2,1,4,1,1,1,white-em-01,white-hm-02,latino-hm-01,white-hm-04,latino-em-03,white-em-04,latino-hm-04,latino-hm-05,white-em-02,latino-em-04
10567320758,2019-03-03T17:15:00Z,2019-03-03T23:44:00Z,I agree,Mostly gay,Man,Single,A few family members,Face only,19,Slim,Latino,Versatile,4,1,5,5,5,1,5,1,5,3,white-em-03,black-hm-05,white-hm-03,asian-em-04,asian-hm-04,black-em-04,asian-hm-01,white-hm-05,asian-em-01,latino-em-04
10567309209,2019-03-03T17:02:00Z,2019-03-03T17:07:00Z,I agree,Bisexual/curious,Man,Single,Only the guys I have sex with,Face only,19,Average,White,Top,2,5,3,3,5,5,3,1,5,3,white-em-01,white-hm-02,white-em-05,white-hm-04,latino-em-03,white-em-04,asian-em-05,latino-em-05,asian-em-01,latino-em-01
10567274516,2019-03-03T16:22:00Z,2019-03-03T16:31:00Z,I agree,Gay,Man,Single,Everyone,Face only,18,Large,White,Versatile,3,1,4,4,5,5,3,1,5,3,white-em-03,black-hm-04,white-hm-03,white-hm-04,black-hm-03,white-em-04,latino-hm-04,white-hm-01,latino-hm-02,latino-em-04
10566510074,2019-03-02T22:12:00Z,2019-03-02T22:23:00Z,I agree,Gay,Man,Single,Everyone,Face only,23,Stocky,Latino,Versatile,2,5,1,4,4,1,4,1,1,3,asian-hm-02,white-hm-02,latino-hm-01,white-hm-04,black-hm-03,white-em-04,latino-hm-03,white-hm-01,latino-hm-02,latino-em-04
10566344307,2019-03-02T18:05:00Z,2019-03-02T18:17:00Z,I agree,Gay,Man,Single,Everyone,Face only,30,Toned,Latino,Bottom,4,2,4,4,1,1,3,1,1,1,asian-hm-02,black-hm-04,white-hm-03,white-hm-04,black-hm-02,asian-hm-03,latino-hm-03,latino-hm-05,latino-hm-02,latino-em-04
10566340272,2019-03-02T18:03:00Z,2019-03-02T18:11:00Z,I agree,Gay,Man,Single,Everyone,Face only,23,Slim,Latino,Versatile,3,4,1,3,1,1,3,1,1,1,black-em-03,white-hm-02,latino-hm-01,asian-em-04,latino-em-03,black-em-04,asian-hm-01,latino-em-05,asian-em-01,latino-em-04
10566224464,2019-03-02T15:46:00Z,2019-03-02T15:56:00Z,I agree,Gay,Man,Single,A few family members,Face only,26,Stocky,Latino,Bottom,2,3,2,3,2,2,4,1,1,2,asian-hm-02,black-hm-04,white-hm-03,black-em-05,latino-em-03,latino-em-02,latino-hm-03,latino-em-05,latino-hm-02,latino-em-04
10566045552,2019-03-02T12:38:00Z,2019-03-02T12:46:00Z,I agree,Gay,Man,Single,Everyone,Body and face,43,Large,Native American,Versatile,2,4,2,2,1,3,2,2,1,1,white-em-03,white-hm-02,white-em-05,white-hm-04,latino-em-03,white-em-04,latino-hm-04,latino-em-05,white-em-02,asian-em-02
10566035417,2019-03-02T12:28:00Z,2019-03-02T12:32:00Z,I agree,Gay,Man,Single,Everyone,Body and face,20,Stocky,White,Bottom,1,3,4,2,2,4,2,1,1,4,white-em-03,white-hm-02,white-hm-03,white-hm-04,latino-em-03,white-em-04,latino-hm-04,white-hm-01,latino-hm-02,latino-em-04
10565824890,2019-03-02T09:12:00Z,2019-03-02T09:21:00Z,I agree,Gay,Man,Single,Everyone,Body and face,27,Average,Latino,Versatile,1,1,3,5,1,4,1,5,1,2,white-em-01,black-hm-04,white-hm-03,black-em-05,asian-hm-04,latino-em-02,latino-hm-03,latino-em-05,latino-hm-02,latino-em-04
10565357542,2019-03-01T22:56:00Z,2019-03-01T23:17:00Z,I agree,Gay,Man,Single,A few family members,Face only,32,Average,Latino,Bottom,2,1,3,2,1,1,1,1,1,2,white-em-01,black-hm-04,white-hm-03,asian-em-04,asian-hm-04,asian-hm-03,latino-hm-03,latino-hm-05,black-hm-01,asian-hm-05
10565201337,2019-03-01T20:20:00Z,2019-03-01T20:25:00Z,I agree,Gay,Man,Single,Everyone,Face only,23,Toned,Black,Top,2,5,3,3,1,3,3,3,1,2,white-em-01,black-hm-04,white-em-05,black-em-05,black-hm-03,black-em-04,asian-hm-01,latino-em-05,latino-hm-02,latino-em-04
10565091197,2019-03-01T18:46:00Z,2019-03-01T18:53:00Z,I agree,Gay,Man,Single,A few family members,Face only,23,Large,Latino,Bottom,4,3,5,5,2,5,4,4,3,3,white-em-03,black-hm-04,white-hm-03,white-hm-04,latino-em-03,white-em-04,latino-hm-03,latino-em-05,latino-hm-02,latino-em-04
10565055111,2019-03-01T18:20:00Z,2019-03-01T18:25:00Z,I agree,Gay,Man,Relationship,Everyone,Body only,51,Stocky,White,Bottom,1,1,1,1,1,1,1,1,1,1,white-em-03,white-hm-02,latino-hm-01,asian-em-04,black-hm-03,white-em-04,asian-em-05,latino-hm-05,latino-hm-02,latino-em-04
10564948425,2019-03-01T17:11:00Z,2019-03-01T17:16:00Z,I agree,Gay,Man,Single,Most of my family,Face only,32,Slim,Latino,Versatile,1,1,1,4,1,3,4,4,4,1,white-em-03,white-hm-02,latino-hm-01,white-hm-04,asian-hm-04,white-em-04,latino-hm-04,white-hm-05,white-em-02,latino-em-04
10564564078,2019-03-01T14:04:00Z,2019-03-01T14:12:00Z,I agree,Gay,Man,Relationship,Everyone,Face only,25,Stocky,Latino,Top,2,1,3,3,3,2,3,1,1,4,white-em-03,black-hm-04,white-em-05,white-hm-04,black-hm-03,asian-hm-03,latino-hm-03,latino-em-05,black-hm-01,latino-em-04
10564264622,2019-03-01T11:57:00Z,2019-03-01T12:04:00Z,I agree,Gay,Man,Single,Most of my family,Face only,37,Slim,Black,Versatile,3,4,4,4,5,4,4,5,4,4,white-em-03,black-em-02,black-em-01,black-em-05,black-hm-03,black-em-04,latino-hm-04,white-hm-05,black-hm-01,latino-em-01
10563835707,2019-03-01T09:12:00Z,2019-03-01T09:21:00Z,I agree,Bisexual/curious,Man,Single,A few friends,Body only,24,Average,Latino,Top,1,1,1,1,1,5,3,1,3,3,white-em-01,white-hm-02,white-hm-03,white-hm-04,asian-hm-04,white-em-04,latino-hm-04,white-hm-01,white-em-02,latino-em-04
10562671064,2019-02-28T19:16:31Z,2019-02-28T19:24:16Z,I agree,Gay,Man,Single,Everyone,Body and face,38,Stocky,White,Bottom,3,1,3,5,4,3,4,1,3,3,black-em-03,white-hm-02,white-hm-03,white-hm-04,black-hm-02,white-em-04,latino-hm-03,white-hm-01,latino-hm-02,latino-em-01
10561486687,2019-02-28T10:46:15Z,2019-02-28T11:03:07Z,I agree,Gay,Man,Single,Most of my friends,Face only,37,Large,Native American,Versatile,1,1,2,2,2,3,1,1,2,2,white-em-03,black-hm-04,latino-hm-01,white-hm-04,black-hm-02,asian-hm-03,asian-hm-01,latino-hm-05,black-hm-01,latino-em-04
10561370135,2019-02-28T10:11:34Z,2019-02-28T10:17:39Z,I agree,Gay,Man,Single,Everyone,Face only,25,Average,White,Top,1,1,1,1,1,1,1,1,1,1,white-em-03,white-hm-02,white-hm-03,white-hm-04,asian-hm-04,white-em-04,latino-hm-03,latino-hm-05,white-em-02,latino-em-01
10561310258,2019-02-28T09:46:33Z,2019-02-28T09:57:49Z,I agree,Gay,Man,Single,Everyone,Face only,22,Slim,Latino,Versatile,1,1,1,1,1,1,1,1,1,1,white-em-01,white-hm-02,latino-hm-01,white-hm-04,latino-em-03,white-em-04,latino-hm-03,latino-hm-05,latino-hm-02,asian-hm-05
10560328842,2019-02-27T23:05:05Z,2019-02-27T23:19:21Z,I agree,Bisexual/curious,Man,Single,A few family members,Face only,37,Average,Native American,Top,1,2,1,5,4,5,4,3,5,4,black-em-03,black-hm-04,black-em-01,black-em-05,latino-em-03,asian-hm-03,latino-hm-04,white-hm-05,white-em-02,latino-em-04
10560030626,2019-02-27T19:34:02Z,2019-02-27T19:41:29Z,I agree,Gay,Man,Relationship,Everyone,Face only,24,Slim,Black,Versatile,1,1,1,3,1,3,1,1,1,1,black-em-03,white-hm-02,white-hm-03,asian-em-03,black-hm-03,white-em-04,latino-hm-03,latino-em-05,latino-hm-02,latino-em-01
10559904786,2019-02-27T18:14:54Z,2019-02-27T18:24:55Z,I agree,Gay,Man,Single,Most of my family,Face only,41,Average,Black,Bottom,1,1,1,2,1,1,5,1,1,1,black-em-03,black-hm-04,latino-hm-01,white-hm-04,black-hm-03,black-em-04,latino-hm-03,white-hm-01,latino-hm-02,latino-em-01
10559870153,2019-02-27T17:56:35Z,2019-02-27T18:07:01Z,I agree,Gay,Man,Single,Most of my family,Face only,38,Stocky,White,Bottom,5,1,5,5,1,5,2,1,1,2,white-em-03,white-hm-02,white-hm-03,white-hm-04,latino-em-03,latino-em-02,latino-hm-03,latino-em-05,white-em-02,latino-em-01
10559730353,2019-02-27T16:49:03Z,2019-02-27T16:56:26Z,I agree,Gay,Man,Single,Everyone,Body and face,21,Average,Black,Bottom,3,2,3,5,3,5,5,3,3,4,white-em-03,white-hm-02,white-hm-03,white-hm-04,latino-em-03,white-em-04,latino-hm-03,white-hm-01,latino-hm-02,latino-em-04
10559695350,2019-02-27T16:33:41Z,2019-02-27T16:41:19Z,I agree,Gay,Man,Single,Most of my friends,Face only,28,Toned,White,Versatile,2,3,3,4,3,2,4,1,2,3,white-em-03,white-hm-02,white-hm-03,white-hm-04,latino-em-03,white-em-04,latino-hm-03,white-hm-05,white-em-02,asian-hm-05
10559292306,2019-02-27T14:04:24Z,2019-02-27T14:10:10Z,I agree,Gay,Man,Single,Everyone,Body and face,36,Average,White,Versatile,3,1,1,3,5,3,3,1,4,3,black-em-03,black-hm-05,black-em-01,asian-em-04,latino-em-03,asian-hm-03,asian-em-05,white-hm-05,black-hm-01,latino-em-01
10559081276,2019-02-27T12:48:53Z,2019-02-27T12:58:27Z,I agree,Mostly gay,Man,Single,Everyone,Body and face,29,Average,Black,Versatile,3,1,1,5,1,1,5,1,1,1,white-em-01,black-hm-04,white-em-05,white-hm-04,latino-em-03,white-em-04,latino-hm-04,latino-em-05,asian-em-01,latino-em-01
10559014710,2019-02-27T12:25:15Z,2019-02-27T12:31:17Z,I agree,Gay,Man,Single,Everyone,Face only,36,Average,Latino,Bottom,1,1,1,1,1,1,1,1,1,1,white-em-03,black-hm-04,white-hm-03,white-hm-04,black-hm-02,black-em-04,latino-hm-03,white-hm-05,latino-hm-02,latino-em-01
10558682104,2019-02-27T10:03:06Z,2019-02-27T10:15:27Z,I agree,Gay,Man,Single,Everyone,Face only,28,Slim,White,Top,2,1,3,3,3,4,3,1,3,4,asian-hm-02,black-hm-04,white-hm-03,white-hm-04,black-hm-03,black-em-04,latino-hm-03,latino-hm-05,latino-hm-02,latino-em-01
10558329096,2019-02-27T07:30:10Z,2019-02-27T07:36:02Z,I agree,Gay,Man,Relationship,Everyone,Something random,29,Toned,Black,Versatile,2,4,2,4,3,5,3,5,1,2,black-em-03,black-hm-04,white-hm-03,asian-em-04,latino-em-03,asian-hm-03,latino-hm-04,white-hm-01,latino-hm-02,asian-hm-05
10557853015,2019-02-27T01:51:37Z,2019-02-27T01:57:11Z,I agree,Gay,Man,Single,Everyone,Body only,32,Average,White,Versatile,3,2,3,4,3,4,4,3,3,3,white-em-03,white-hm-02,latino-hm-01,black-em-05,latino-em-03,white-em-04,latino-hm-03,latino-em-05,latino-hm-02,latino-em-01
10557801073,2019-02-27T00:59:48Z,2019-02-27T01:07:22Z,I agree,Gay,Man,Single,Everyone,Body and face,29,Toned,White,Versatile,4,1,3,4,4,3,3,2,4,3,white-em-01,white-hm-02,white-hm-03,white-hm-04,black-hm-02,black-em-04,latino-hm-03,white-hm-05,white-em-02,latino-em-04
10557759317,2019-02-27T00:18:59Z,2019-02-27T00:24:37Z,I agree,Gay,Man,Single,Everyone,Body and face,56,Large,White,Top,2,1,2,3,1,4,2,1,1,4,white-em-03,black-em-02,white-hm-03,black-em-05,black-hm-02,black-em-04,asian-hm-01,latino-em-05,black-hm-01,asian-hm-05
10557750461,2019-02-27T00:09:58Z,2019-02-27T00:17:57Z,I agree,Gay,Man,Single,Everyone,Face only,29,Average,Latino,Bottom,2,3,3,4,2,2,3,1,1,2,white-em-03,white-hm-02,latino-hm-01,white-hm-04,black-hm-02,black-em-04,latino-hm-03,white-hm-01,latino-hm-02,latino-em-01
10557730075,2019-02-26T23:51:45Z,2019-02-27T00:00:46Z,I agree,Gay,Man,Relationship,Everyone,Body and face,30,Muscular,White,Versatile,2,1,2,3,3,2,3,1,3,4,white-em-01,white-hm-02,latino-hm-01,white-hm-04,black-hm-02,white-em-04,latino-hm-03,latino-hm-05,latino-hm-02,latino-em-04
10557696204,2019-02-26T23:22:02Z,2019-02-26T23:28:56Z,I agree,Gay,Man,Relationship,Everyone,Body and face,31,Slim,White,Bottom,1,1,2,2,2,2,2,1,2,2,white-em-01,white-hm-02,white-hm-03,white-hm-04,black-hm-02,black-em-04,latino-hm-03,latino-hm-05,latino-hm-02,latino-em-01
10557621417,2019-02-26T22:22:23Z,2019-02-26T22:29:38Z,I agree,Gay,Man,Single,Everyone,Body only,29,Stocky,White,Top,3,1,4,4,3,5,4,1,1,3,white-em-01,black-hm-04,white-hm-03,asian-em-04,latino-em-03,white-em-04,latino-hm-04,white-hm-01,latino-hm-02,latino-em-04
10557266095,2019-02-26T18:45:49Z,2019-02-26T18:53:14Z,I agree,Gay,Man,Single,Most of my friends,Face only,30,Stocky,White,Top,2,1,3,4,1,2,3,1,3,3,white-em-01,white-hm-02,white-hm-03,white-hm-04,black-hm-03,latino-em-02,latino-hm-04,white-hm-01,white-em-02,asian-em-02
10557196935,2019-02-26T18:07:58Z,2019-02-26T18:13:48Z,I agree,Bisexual/curious,Man,Relationship,Only the guys I have sex with,Nothing (blank),25,Stocky,Black,No sex,1,5,3,4,5,4,1,5,5,3,white-em-03,white-hm-02,white-hm-03,white-hm-04,black-hm-02,asian-hm-03,latino-hm-03,white-hm-05,black-hm-01,asian-hm-05
10557190664,2019-02-26T18:04:58Z,2019-02-26T18:10:32Z,I agree,Bisexual/curious,Man,Relationship,Only the guys I have sex with,Body only,30,Muscular,Black,No sex,1,3,1,4,5,4,1,4,5,5,black-em-03,black-hm-04,latino-hm-01,black-em-05,latino-em-03,black-em-04,asian-hm-01,latino-em-05,latino-hm-02,latino-em-04
10557179809,2019-02-26T17:59:10Z,2019-02-26T18:09:45Z,I agree,Gay,Man,Single,Most of my family,Face only,37,Large,Black,Versatile,1,3,4,3,4,4,4,1,3,4,asian-hm-02,black-hm-04,white-hm-03,black-em-05,latino-em-03,white-em-04,latino-hm-03,latino-em-05,latino-hm-02,latino-em-04
10557137408,2019-02-26T17:37:37Z,2019-02-26T17:50:11Z,I agree,Bisexual/curious,Man,Single,Most of my friends,Something random,34,Average,Native American,Versatile,3,3,4,3,3,3,3,1,4,3,black-em-03,black-hm-04,white-hm-03,black-em-05,latino-em-03,latino-em-02,asian-hm-01,latino-em-05,black-hm-01,latino-em-04
10556076118,2019-02-26T10:54:57Z,2019-02-26T11:07:48Z,I agree,Gay,Man,Single,Everyone,Face only,36,Stocky,White,Top,2,1,3,2,2,3,3,1,1,2,white-em-03,white-hm-02,latino-hm-01,white-hm-04,latino-em-03,white-em-04,latino-hm-04,white-hm-01,latino-hm-02,latino-em-04
10555979134,2019-02-26T10:20:32Z,2019-02-26T10:35:00Z,I agree,Gay,Man,Single,Everyone,Face only,25,Large,Black,Versatile,2,1,5,5,1,5,3,1,2,5,white-em-01,white-hm-02,white-hm-03,white-hm-04,latino-em-03,asian-hm-03,latino-hm-04,latino-hm-05,latino-hm-02,asian-hm-05
10554886851,2019-02-25T23:12:07Z,2019-02-25T23:19:17Z,I agree,Bisexual/curious,Man,Single,Only the guys I have sex with,Face only,43,Stocky,White,Versatile,1,1,1,3,1,2,1,1,1,2,white-em-01,white-hm-02,white-hm-03,white-hm-04,black-hm-02,asian-hm-03,asian-hm-01,white-hm-05,white-em-02,latino-em-01
10554807142,2019-02-25T22:15:22Z,2019-02-25T22:24:10Z,I agree,Mostly gay,Man,Single,A few family members,Face only,39,Average,White,Versatile,2,1,1,2,2,4,3,1,1,3,white-em-03,black-hm-04,white-hm-03,asian-em-04,latino-em-03,asian-hm-03,latino-hm-04,white-hm-01,white-em-02,latino-em-04
10554806551,2019-02-25T22:13:49Z,2019-02-25T22:22:08Z,I agree,Gay,Man,Single,Everyone,Face only,29,Average,White,Bottom,2,1,3,3,1,3,3,1,1,2,white-em-03,white-hm-02,white-hm-03,white-hm-04,black-hm-03,latino-em-02,latino-hm-03,white-hm-01,latino-hm-02,latino-em-01
10554778918,2019-02-25T21:56:08Z,2019-02-25T22:04:30Z,I agree,Mostly straight,Man,Single,A few friends,Body and face,27,Stocky,Native American,Bottom,1,3,1,3,2,3,1,1,1,1,white-em-01,white-hm-02,white-hm-03,white-hm-04,latino-em-03,black-em-04,latino-hm-03,latino-hm-05,white-em-02,asian-em-02
10554770359,2019-02-25T21:50:52Z,2019-02-25T21:58:48Z,I agree,Gay,Man,Single,Everyone,Body and face,23,Slim,Latino,Versatile,1,1,1,3,3,3,4,5,4,4,white-em-01,white-hm-02,latino-hm-01,asian-em-04,asian-hm-04,asian-hm-03,latino-hm-03,latino-hm-05,latino-hm-02,latino-em-04
10554537644,2019-02-25T19:31:54Z,2019-02-25T19:39:44Z,I agree,Gay,Man,Single,Everyone,Body and face,35,Slim,Native American,Versatile,1,1,2,1,1,1,3,1,1,4,white-em-01,black-hm-05,black-em-01,white-hm-04,latino-em-03,latino-em-02,latino-hm-04,latino-em-05,white-em-02,latino-em-04
10554206996,2019-02-25T16:42:57Z,2019-02-25T16:50:11Z,I agree,Gay,Man,Relationship,Everyone,Body only,20,Muscular,Mixed,Versatile,2,2,2,3,2,3,3,3,1,2,white-em-01,white-hm-02,white-hm-03,white-hm-04,black-hm-03,white-em-04,latino-hm-04,white-hm-01,latino-hm-02,latino-em-04
10553732902,2019-02-25T13:36:36Z,2019-02-25T13:48:37Z,I agree,Gay,Man,Single,A few friends,Face only,34,Large,Native American,Versatile,4,3,5,4,5,5,1,3,2,3,asian-hm-02,black-hm-04,latino-hm-01,white-hm-04,asian-hm-04,asian-hm-03,asian-em-05,white-hm-01,latino-hm-02,latino-em-04
10553581852,2019-02-25T12:40:25Z,2019-02-25T12:52:00Z,I agree,Gay,Man,Single,Everyone,Body and face,31,Average,Other,Top,1,2,4,3,2,5,3,1,1,2,white-em-01,white-hm-02,latino-hm-01,white-hm-04,latino-em-03,white-em-04,latino-hm-03,latino-hm-05,latino-hm-02,latino-em-01
10553503672,2019-02-25T12:14:00Z,2019-02-25T12:20:45Z,I agree,Gay,Man,Single,Most of my friends,Face only,21,Toned,Asian,Versatile,3,3,3,3,3,3,3,3,3,3,asian-hm-02,white-hm-02,white-hm-03,white-hm-04,asian-hm-04,asian-hm-03,asian-hm-01,latino-em-05,black-hm-01,asian-hm-05
10553377571,2019-02-25T11:29:29Z,2019-02-25T11:36:06Z,I agree,Gay,Man,Single,Everyone,Body and face,26,Average,Black,Bottom,3,1,1,5,1,1,3,1,1,5,white-em-01,white-hm-02,white-em-05,asian-em-04,latino-em-03,white-em-04,asian-em-05,white-hm-01,black-hm-01,asian-em-02
10553140999,2019-02-25T10:08:16Z,2019-02-25T10:12:29Z,I agree,Mostly straight,Man,Relationship,Only the guys I have sex with,Nothing (blank),26,Muscular,White,Bottom,1,1,1,3,4,4,3,1,4,4,asian-hm-02,black-hm-04,white-hm-03,black-em-05,black-hm-03,black-em-04,asian-em-05,white-hm-01,black-hm-01,asian-hm-05
10551660340,2019-02-24T14:09:37Z,2019-02-24T14:22:40Z,I agree,Gay,Man,Single,A few family members,Body and face,60,Average,White,Bottom,2,1,3,3,3,4,3,1,1,3,asian-hm-02,white-hm-02,latino-hm-01,white-hm-04,black-hm-03,asian-hm-03,latino-hm-03,white-hm-01,latino-hm-02,asian-hm-05
10551604466,2019-02-24T13:04:52Z,2019-02-24T13:14:29Z,I agree,Gay,Man,Single,Everyone,Body only,23,Average,White,Versatile,3,2,4,4,4,5,4,4,5,5,white-em-01,white-hm-02,latino-hm-01,white-hm-04,black-hm-02,asian-hm-03,latino-hm-03,latino-hm-05,latino-hm-02,latino-em-04
10551587366,2019-02-24T12:44:22Z,2019-02-24T12:50:02Z,I agree,Gay,Man,Single,Everyone,Body and face,27,Average,Mixed,Versatile,2,1,4,4,1,2,3,1,1,2,asian-hm-02,white-hm-02,white-hm-03,white-hm-04,black-hm-03,white-em-04,asian-em-05,white-hm-01,latino-hm-02,latino-em-04
10551427956,2019-02-24T09:30:33Z,2019-02-24T09:37:48Z,I agree,Mostly gay,Man,Single,Most of my friends,Face only,47,Average,White,Top,1,1,1,2,1,1,2,1,1,2,asian-hm-02,white-hm-02,latino-hm-01,asian-em-03,asian-hm-04,asian-hm-03,latino-hm-04,white-hm-05,latino-hm-02,asian-hm-05
10551426544,2019-02-24T09:28:56Z,2019-02-24T09:36:04Z,I agree,Gay,Man,Single,A few friends,Body and face,23,Slim,Black,Top,2,1,3,4,3,2,3,1,1,3,white-em-01,white-hm-02,latino-hm-01,white-hm-04,latino-em-03,white-em-04,latino-hm-04,white-hm-01,latino-hm-02,latino-em-01
10551324535,2019-02-24T07:04:06Z,2019-02-24T07:16:39Z,I agree,Gay,Man,Single,Everyone,Body and face,42,Average,White,Bottom,1,3,3,4,3,4,4,3,2,2,white-em-03,white-hm-02,latino-hm-01,white-hm-04,latino-em-03,white-em-04,latino-hm-04,white-hm-05,white-em-02,latino-em-01
10550878607,2019-02-23T18:23:58Z,2019-02-23T18:30:30Z,I agree,Mostly gay,Man,Single,Only the guys I have sex with,Something random,43,Average,Asian,Top,2,2,2,3,2,3,3,2,2,2,white-em-03,white-hm-02,black-em-01,white-hm-04,asian-hm-04,asian-hm-03,latino-hm-04,latino-hm-05,asian-em-01,latino-em-04
10550843433,2019-02-23T17:37:31Z,2019-02-23T17:55:32Z,I agree,Gay,Man,Single,Most of my family,Face only,34,Toned,White,Versatile,2,2,1,4,3,3,3,1,1,3,asian-hm-02,white-hm-02,latino-hm-01,white-hm-04,black-hm-03,black-em-04,latino-hm-03,latino-hm-05,black-hm-01,asian-hm-05
10550792395,2019-02-23T16:37:47Z,2019-02-23T17:08:27Z,I agree,Gay,Man,Single,Everyone,Face only,22,Slim,Mixed,Versatile,1,2,2,1,1,1,1,2,1,1,white-em-03,black-hm-05,white-em-05,asian-em-04,latino-em-03,white-em-04,latino-hm-04,white-hm-01,latino-hm-02,asian-em-02
10550786590,2019-02-23T16:32:33Z,2019-02-23T16:37:52Z,I agree,Bisexual/curious,Trans man,Single,Nobody,Nothing (blank),25,Average,Mixed,Versatile,1,3,3,4,1,1,3,1,1,1,black-em-03,black-hm-04,white-em-05,white-hm-04,asian-hm-04,white-em-04,latino-hm-03,white-hm-01,latino-hm-02,latino-em-04
10550783519,2019-02-23T16:28:46Z,2019-02-23T16:40:23Z,I agree,Bisexual/curious,Man,Single,Most of my family,Body only,21,Average,Latino,Versatile,3,2,4,5,4,5,3,4,5,4,white-em-03,white-hm-02,latino-hm-01,white-hm-04,latino-em-03,white-em-04,asian-em-05,latino-em-05,white-em-02,latino-em-04
10550779439,2019-02-23T16:22:54Z,2019-02-23T16:33:55Z,I agree,Bisexual/curious,Man,Relationship,A few friends,Body only,37,Muscular,Latino,Top,1,2,1,3,3,1,1,1,1,1,white-em-01,white-hm-02,white-hm-03,white-hm-04,black-hm-03,white-em-04,latino-hm-04,white-hm-01,latino-hm-02,asian-hm-05
10550778897,2019-02-23T16:23:55Z,2019-02-23T16:29:42Z,I agree,Bisexual/curious,Man,Single,Only the guys I have sex with,Body only,31,Muscular,Black,Versatile,2,5,4,5,4,5,3,5,5,5,white-em-01,white-hm-02,white-hm-03,white-hm-04,black-hm-02,white-em-04,latino-hm-04,white-hm-01,black-hm-01,asian-hm-05
10550778848,2019-02-23T16:22:23Z,2019-02-23T16:36:26Z,I agree,Mostly gay,Man,Relationship,A few friends,Body only,50,Average,White,Versatile,3,3,3,3,3,3,3,3,4,4,white-em-01,black-hm-04,white-hm-03,asian-em-04,asian-hm-04,white-em-04,asian-em-05,white-hm-01,asian-em-01,asian-em-02
10550776349,2019-02-23T16:20:48Z,2019-02-23T16:30:29Z,I agree,Mostly gay,Man,Single,Only the guys I have sex with,Nothing (blank),26,Slim,Black,Versatile,1,1,3,3,4,3,3,3,4,3,white-em-03,white-hm-02,white-hm-03,white-hm-04,asian-hm-04,white-em-04,asian-em-05,white-hm-05,white-em-02,asian-em-02
10550773491,2019-02-23T16:18:06Z,2019-02-23T16:24:27Z,I agree,Gay,Man,Single,Most of my family,Something random,28,Toned,Mixed,No sex,3,1,4,4,4,4,4,4,3,4,white-em-03,white-hm-02,white-hm-03,white-hm-04,latino-em-03,white-em-04,latino-hm-03,white-hm-01,latino-hm-02,latino-em-04
10550766856,2019-02-23T16:10:45Z,2019-02-23T16:20:00Z,I agree,Bisexual/curious,Man,Single,A few friends,Body only,31,Muscular,Black,Versatile,3,1,3,5,3,2,3,5,1,1,black-em-03,black-hm-05,white-hm-03,white-hm-04,black-hm-03,black-em-04,latino-hm-03,white-hm-05,latino-hm-02,latino-em-01
10550707300,2019-02-23T15:04:31Z,2019-02-23T15:11:10Z,I agree,Gay,Man,Relationship,Everyone,Body only,33,Average,White,Versatile,1,1,3,4,1,3,3,1,1,1,white-em-03,black-hm-04,white-hm-03,white-hm-04,asian-hm-04,white-em-04,latino-hm-04,white-hm-01,white-em-02,asian-hm-05
10550682379,2019-02-23T14:37:20Z,2019-02-23T14:43:56Z,I agree,Bisexual/curious,Man,Single,A few friends,Something random,32,Average,Asian,Top,1,1,3,3,4,2,2,1,5,4,white-em-01,white-hm-02,latino-hm-01,asian-em-04,latino-em-03,asian-hm-03,asian-em-05,latino-hm-05,latino-hm-02,asian-hm-05
10550681622,2019-02-23T14:36:49Z,2019-02-23T14:44:41Z,I agree,Bisexual/curious,Man,Single,A few family members,Body and face,46,Toned,White,Versatile,2,4,2,4,4,4,4,2,5,5,white-em-01,white-hm-02,latino-hm-01,white-hm-04,latino-em-03,white-em-04,latino-hm-04,white-hm-05,white-em-02,asian-hm-05
10550634579,2019-02-23T13:46:26Z,2019-02-23T13:58:23Z,I agree,Mostly gay,Man,Single,Most of my family,Body and face,37,Average,White,Versatile,1,2,2,4,1,4,2,1,1,4,white-em-01,black-hm-05,white-em-05,asian-em-04,latino-em-03,white-em-04,asian-em-05,white-hm-05,white-em-02,latino-em-01
10550597651,2019-02-23T13:09:37Z,2019-02-23T13:16:02Z,I agree,Gay,Man,Single,Most of my family,Body and face,24,Large,Latino,Bottom,3,3,2,3,2,4,3,2,3,3,asian-hm-02,white-hm-02,white-hm-03,white-hm-04,latino-em-03,white-em-04,latino-hm-04,white-hm-01,latino-hm-02,latino-em-04
10550582294,2019-02-23T12:55:36Z,2019-02-23T13:01:22Z,I agree,Gay,Man,Dating,Most of my friends,Body and face,48,Toned,White,Versatile,1,1,1,1,3,4,3,1,3,3,asian-hm-02,black-hm-04,latino-hm-01,asian-em-03,asian-hm-04,black-em-04,asian-hm-01,latino-em-05,white-em-02,asian-em-02
10550421253,2019-02-23T10:23:10Z,2019-02-23T11:05:00Z,I agree,Gay,Man,Single,A few friends,Face only,20,Average,Black,Bottom,4,4,3,4,3,3,4,3,1,2,black-em-03,white-hm-02,latino-hm-01,black-em-05,black-hm-03,black-em-04,latino-hm-04,white-hm-05,black-hm-01,latino-em-01
10548959958,2019-02-22T13:52:17Z,2019-02-22T14:00:13Z,I agree,Gay,Man,Single,Everyone,Body and face,55,Slim,White,Versatile,1,1,3,4,1,3,2,1,1,1,white-em-03,white-hm-02,latino-hm-01,white-hm-04,latino-em-03,asian-hm-03,latino-hm-04,latino-hm-05,latino-hm-02,latino-em-04
10548914159,2019-02-22T13:33:59Z,2019-02-22T13:41:37Z,I agree,Gay,Man,Relationship,Everyone,Face only,33,Stocky,Black,Versatile,1,1,2,3,1,2,2,1,1,2,white-em-01,black-hm-04,white-hm-03,white-hm-04,asian-hm-04,white-em-04,latino-hm-03,latino-em-05,latino-hm-02,latino-em-04
10548734804,2019-02-22T12:23:38Z,2019-02-22T12:30:28Z,I agree,Mostly straight,Man,Single,Only the guys I have sex with,Body only,25,Muscular,Native American,Top,1,1,1,4,1,5,4,2,5,5,asian-hm-02,black-hm-04,latino-hm-01,white-hm-04,black-hm-02,black-em-04,latino-hm-03,latino-em-05,black-hm-01,latino-em-04
10548698886,2019-02-22T12:08:55Z,2019-02-22T12:18:06Z,I agree,Gay,Man,Single,Everyone,Body and face,30,Average,White,Versatile,2,1,2,3,1,2,3,1,1,1,white-em-03,black-hm-04,white-em-05,black-em-05,black-hm-03,asian-hm-03,latino-hm-04,white-hm-01,latino-hm-02,latino-em-01
10548622839,2019-02-22T11:42:23Z,2019-02-22T11:49:21Z,I agree,Bisexual/curious,Man,Single,Everyone,Body and face,23,Stocky,White,Top,2,1,3,3,2,3,3,1,2,3,white-em-01,white-hm-02,white-hm-03,white-hm-04,latino-em-03,white-em-04,latino-hm-04,white-hm-01,asian-em-01,latino-em-01
10548616250,2019-02-22T11:39:01Z,2019-02-22T11:47:56Z,I agree,Gay,Man,Single,Everyone,Body and face,38,Average,White,Bottom,3,1,1,5,1,3,4,1,1,1,white-em-01,white-hm-02,white-hm-03,black-em-05,black-hm-02,asian-hm-03,latino-hm-03,white-hm-01,white-em-02,latino-em-01
10548615211,2019-02-22T11:39:54Z,2019-02-22T11:51:17Z,I agree,Mostly gay,Man,Single,Most of my friends,Face only,29,Average,Black,Versatile,1,1,3,4,3,5,4,2,1,1,black-em-03,white-hm-02,white-em-05,black-em-05,latino-em-03,black-em-04,asian-em-05,white-hm-05,black-hm-01,latino-em-01
10548298315,2019-02-22T09:42:15Z,2019-02-22T09:46:58Z,I agree,Gay,Man,Single,Everyone,Body and face,20,Average,White,Top,1,1,3,4,3,4,4,2,2,4,white-em-01,white-hm-02,white-em-05,white-hm-04,latino-em-03,white-em-04,latino-hm-04,white-hm-01,latino-hm-02,latino-em-04
10548294858,2019-02-22T09:39:50Z,2019-02-22T09:51:00Z,I agree,Gay,Man,Single,Everyone,Face only,44,Average,White,Versatile,3,1,2,4,3,3,4,2,1,2,white-em-01,black-hm-05,latino-hm-01,white-hm-04,black-hm-02,black-em-04,latino-hm-04,latino-hm-05,white-em-02,latino-em-04
10547276667,2019-02-21T22:26:38Z,2019-02-21T22:31:37Z,I agree,Gay,Man,Single,Everyone,Body and face,18,Toned,White,Top,1,5,3,5,1,1,4,1,4,5,white-em-01,white-hm-02,white-em-05,white-hm-04,black-hm-03,white-em-04,latino-hm-04,white-hm-01,white-em-02,latino-em-01
10546987820,2019-02-21T19:01:44Z,2019-02-21T19:19:00Z,I agree,Gay,Man,Relationship,Everyone,Body and face,30,Slim,White,Versatile,3,1,4,3,1,1,5,1,1,2,white-em-03,white-hm-02,white-em-05,asian-em-04,latino-em-03,latino-em-02,latino-hm-03,latino-em-05,asian-em-01,asian-em-02
10546971366,2019-02-21T18:54:03Z,2019-02-21T19:18:30Z,I agree,Bisexual/curious,Man,Single,Most of my friends,Nothing (blank),22,Average,White,Versatile,3,2,4,4,3,5,3,2,4,4,white-em-01,white-hm-02,white-em-05,asian-em-03,asian-hm-04,white-em-04,asian-hm-01,white-hm-01,asian-em-01,latino-em-04
10546869601,2019-02-21T18:05:11Z,2019-02-21T18:13:25Z,I agree,Gay,Man,Single,A few friends,Body only,30,Muscular,Black,Top,1,1,2,4,3,3,4,1,1,3,white-em-03,white-hm-02,latino-hm-01,white-hm-04,black-hm-02,white-em-04,latino-hm-03,latino-hm-05,white-em-02,latino-em-04
10546861327,2019-02-21T18:00:46Z,2019-02-21T18:07:18Z,I agree,Mostly straight,Man,Single,Only the guys I have sex with,Nothing (blank),25,Stocky,Latino,Versatile,2,1,3,3,2,3,2,1,3,2,white-em-01,white-hm-02,white-hm-03,white-hm-04,asian-hm-04,white-em-04,asian-em-05,white-hm-05,asian-em-01,asian-em-02
10546829942,2019-02-21T17:45:37Z,2019-02-21T17:53:45Z,I agree,Gay,Man,Single,Everyone,Body and face,28,Stocky,White,Versatile,3,4,4,4,2,3,4,1,2,4,white-em-01,white-hm-02,white-hm-03,white-hm-04,asian-hm-04,white-em-04,asian-em-05,white-hm-01,white-em-02,asian-em-02
10546827251,2019-02-21T17:45:29Z,2019-02-21T17:53:57Z,I agree,Gay,Man,Single,Everyone,Body and face,37,Average,White,Versatile,4,2,4,5,3,5,5,2,1,4,white-em-01,black-hm-05,latino-hm-01,black-em-05,asian-hm-04,latino-em-02,asian-em-05,latino-hm-05,latino-hm-02,asian-em-02
10546785763,2019-02-21T17:25:49Z,2019-02-21T17:35:58Z,I agree,Gay,Man,Single,Only the guys I have sex with,Nothing (blank),30,Average,Black,Versatile,2,1,3,3,1,2,3,3,1,2,white-em-01,white-hm-02,white-hm-03,white-hm-04,asian-hm-04,white-em-04,latino-hm-04,latino-hm-05,white-em-02,asian-em-02
10546610612,2019-02-21T16:10:14Z,2019-02-21T16:17:50Z,I agree,Mostly gay,Man,Single,Everyone,Body and face,42,Muscular,White,Versatile,2,1,1,2,1,3,2,1,2,4,asian-hm-02,white-hm-02,latino-hm-01,black-em-05,latino-em-03,asian-hm-03,latino-hm-03,white-hm-05,latino-hm-02,latino-em-04
10544443872,2019-02-20T21:29:44Z,2019-02-20T21:39:03Z,I agree,Gay,Man,Relationship,Everyone,Face only,27,Average,White,Versatile,3,2,3,2,2,2,3,1,1,3,white-em-03,white-hm-02,latino-hm-01,white-hm-04,black-hm-02,white-em-04,latino-hm-03,white-hm-01,latino-hm-02,asian-em-02
10544371996,2019-02-20T20:45:47Z,2019-02-20T20:51:22Z,I agree,Bisexual/curious,Man,Relationship,Most of my friends,Face only,37,Average,White,Top,2,1,4,3,3,4,3,1,1,3,white-em-01,black-hm-05,latino-hm-01,asian-em-04,black-hm-02,white-em-04,asian-hm-01,latino-em-05,white-em-02,latino-em-01
10543479082,2019-02-20T14:34:22Z,2019-02-20T14:41:11Z,I agree,Bisexual/curious,Man,Relationship,A few friends,Body only,18,Toned,Mixed,No sex,1,1,2,5,2,3,4,1,5,2,black-em-03,white-hm-02,latino-hm-01,black-em-05,black-hm-02,black-em-04,latino-hm-04,latino-em-05,latino-hm-02,latino-em-04
10543191916,2019-02-20T12:55:20Z,2019-02-20T13:01:59Z,I agree,Gay,Man,Single,Everyone,Face only,26,Stocky,White,Top,4,5,5,4,3,1,5,1,3,3,asian-hm-02,black-hm-04,white-hm-03,asian-em-03,latino-em-03,white-em-04,latino-hm-03,white-hm-01,latino-hm-02,latino-em-01
10543179845,2019-02-20T12:51:28Z,2019-02-20T12:57:46Z,I agree,Gay,Man,Relationship,Everyone,Body and face,44,Slim,Latino,Versatile,2,1,2,2,4,5,2,2,2,3,white-em-01,white-hm-02,white-hm-03,white-hm-04,latino-em-03,white-em-04,latino-hm-03,white-hm-05,white-em-02,latino-em-01
10543174131,2019-02-20T12:49:19Z,2019-02-20T13:05:38Z,I agree,Gay,Man,Single,Most of my family,Body and face,29,Average,White,Top,3,1,3,2,2,2,3,1,2,1,white-em-03,white-hm-02,latino-hm-01,white-hm-04,asian-hm-04,white-em-04,latino-hm-04,latino-hm-05,white-em-02,latino-em-01
10543067318,2019-02-20T12:14:13Z,2019-02-20T12:20:48Z,I agree,Mostly gay,Man,Single,A few family members,Body and face,29,Slim,Black,Versatile,1,1,2,4,2,2,5,5,2,3,asian-hm-02,white-hm-02,black-em-01,white-hm-04,latino-em-03,latino-em-02,latino-hm-03,latino-em-05,latino-hm-02,latino-em-01
10540267247,2019-02-19T15:52:54Z,2019-02-19T16:10:42Z,I agree,Gay,Man,Relationship,Everyone,Face only,38,Average,White,Versatile,2,1,3,3,1,4,3,1,1,3,asian-hm-02,black-hm-04,latino-hm-01,black-em-05,black-hm-03,black-em-04,asian-em-05,latino-hm-05,latino-hm-02,latino-em-04
10538728559,2019-02-19T05:52:17Z,2019-02-19T06:00:03Z,I agree,Gay,Man,Single,Everyone,Body and face,37,Toned,Other,Versatile,2,1,2,3,1,1,2,1,1,1,asian-hm-02,black-hm-04,white-hm-03,white-hm-04,black-hm-03,white-em-04,latino-hm-03,white-hm-01,latino-hm-02,latino-em-01
10538359694,2019-02-19T00:22:35Z,2019-02-19T00:28:02Z,I agree,Mostly gay,Man,Single,Most of my friends,Body and face,18,Slim,White,Bottom,3,1,4,5,1,4,3,1,1,2,white-em-01,black-hm-05,latino-hm-01,black-em-05,black-hm-03,black-em-04,latino-hm-04,latino-hm-05,latino-hm-02,latino-em-04
10538338166,2019-02-18T23:56:34Z,2019-02-19T00:06:58Z,I agree,Gay,Man,Single,A few family members,Face only,19,Toned,Black,Versatile,2,1,2,3,1,2,3,1,1,2,black-em-03,black-hm-05,white-hm-03,black-em-05,black-hm-03,black-em-04,latino-hm-03,latino-hm-05,black-hm-01,latino-em-01
10538213799,2019-02-18T21:58:51Z,2019-02-18T22:05:44Z,I agree,Gay,Man,Relationship,Everyone,Face only,28,Stocky,White,Versatile,3,1,4,3,1,1,3,1,1,1,white-em-03,black-hm-04,latino-hm-01,asian-em-03,black-hm-03,white-em-04,asian-em-05,white-hm-01,white-em-02,asian-em-02
10538041767,2019-02-18T19:37:20Z,2019-02-18T19:42:17Z,I agree,Gay,Man,Relationship,Everyone,Body and face,30,Average,White,Versatile,4,3,4,4,3,3,4,2,2,4,asian-hm-02,white-hm-02,latino-hm-01,white-hm-04,black-hm-03,black-em-04,latino-hm-04,white-hm-01,asian-em-01,latino-em-04
10538018257,2019-02-18T19:18:43Z,2019-02-18T19:30:24Z,I agree,Gay,Man,Single,Everyone,Body and face,22,Toned,Black,Versatile,4,1,4,4,1,4,1,1,4,4,white-em-01,white-hm-02,black-em-01,white-hm-04,asian-hm-04,white-em-04,latino-hm-03,white-hm-01,latino-hm-02,latino-em-01
10537906363,2019-02-18T17:56:59Z,2019-02-18T18:01:37Z,I agree,Bisexual/curious,Man,Single,Nobody,Face only,29,Average,Latino,Top,4,3,4,3,4,4,4,3,3,3,white-em-03,white-hm-02,white-em-05,white-hm-04,asian-hm-04,white-em-04,latino-hm-04,white-hm-05,asian-em-01,asian-hm-05
10537890495,2019-02-18T17:46:54Z,2019-02-18T17:52:45Z,I agree,Mostly gay,Man,Single,A few friends,Nothing (blank),18,Average,White,Top,1,5,5,5,4,5,5,5,5,5,white-em-01,white-hm-02,white-hm-03,white-hm-04,latino-em-03,white-em-04,latino-hm-04,white-hm-05,asian-em-01,latino-em-01
10537837848,2019-02-18T17:14:10Z,2019-02-18T17:23:08Z,I agree,Gay,Man,Single,Most of my family,Face only,25,Stocky,Latino,Versatile,3,2,4,3,1,1,3,1,2,3,white-em-01,black-hm-05,white-hm-03,white-hm-04,latino-em-03,white-em-04,latino-hm-04,white-hm-01,white-em-02,asian-em-02
10537834907,2019-02-18T17:10:49Z,2019-02-18T17:21:54Z,I agree,Gay,Man,Single,Only the guys I have sex with,Face only,22,Average,Latino,Versatile,2,1,4,5,5,5,4,3,3,3,white-em-03,white-hm-02,latino-hm-01,white-hm-04,black-hm-02,white-em-04,latino-hm-04,latino-hm-05,black-hm-01,latino-em-04
10537519229,2019-02-18T14:20:43Z,2019-02-18T14:32:36Z,I agree,Mostly gay,Man,Single,Most of my friends,Face only,42,Average,Asian,No sex,1,1,2,2,1,1,2,1,1,1,white-em-01,white-hm-02,white-hm-03,white-hm-04,asian-hm-04,white-em-04,latino-hm-03,white-hm-01,latino-hm-02,latino-em-04
10537460510,2019-02-18T13:52:09Z,2019-02-18T14:00:57Z,I agree,Gay,Man,Single,Everyone,Body and face,30,Slim,Mixed,Top,1,1,2,1,4,3,3,1,1,3,white-em-01,white-hm-02,latino-hm-01,white-hm-04,black-hm-02,white-em-04,latino-hm-03,latino-em-05,latino-hm-02,asian-hm-05
10537280430,2019-02-18T12:23:52Z,2019-02-18T12:32:38Z,I agree,Gay,Man,Single,Most of my family,Face only,31,Stocky,Latino,Versatile,1,1,3,3,1,3,1,1,1,3,black-em-03,black-hm-05,white-em-05,white-hm-04,latino-em-03,white-em-04,asian-hm-01,white-hm-05,asian-em-01,latino-em-04
10536310538,2019-02-18T02:35:51Z,2019-02-18T15:18:01Z,I agree,Bisexual/curious,Man,Relationship,A few friends,Face only,21,Average,White,Versatile,3,1,4,4,4,4,3,1,3,3,white-em-03,black-hm-05,latino-hm-01,white-hm-04,latino-em-03,black-em-04,asian-hm-01,latino-hm-05,latino-hm-02,latino-em-04
10536038956,2019-02-17T20:58:39Z,2019-02-17T21:06:10Z,I agree,Gay,Man,Single,Most of my family,Body and face,64,Average,White,Bottom,4,3,4,4,3,5,4,3,3,4,white-em-01,white-hm-02,latino-hm-01,white-hm-04,latino-em-03,white-em-04,latino-hm-04,white-hm-01,white-em-02,latino-em-04
10536036128,2019-02-17T20:54:35Z,2019-02-17T21:02:26Z,I agree,Bisexual/curious,Man,Relationship,Nobody,Body only,50,Average,South Asian,No sex,1,1,2,3,3,3,3,3,4,3,asian-hm-02,white-hm-02,white-hm-03,black-em-05,latino-em-03,asian-hm-03,latino-hm-03,white-hm-05,white-em-02,latino-em-04
10535968279,2019-02-17T19:35:13Z,2019-02-17T19:40:56Z,I agree,Mostly gay,Man,Single,A few friends,Face only,35,Stocky,White,Versatile,3,1,3,4,4,3,3,3,2,3,black-em-03,black-hm-04,white-hm-03,black-em-05,latino-em-03,black-em-04,latino-hm-03,white-hm-05,white-em-02,latino-em-04
10535912576,2019-02-17T18:26:21Z,2019-02-17T18:58:41Z,I agree,Mostly gay,Man,Relationship,Everyone,Face only,21,Toned,Mixed,Top,2,2,3,4,2,4,4,3,1,2,white-em-01,white-hm-02,white-em-05,asian-em-04,latino-em-03,black-em-04,latino-hm-04,white-hm-01,asian-em-01,latino-em-04
10535870206,2019-02-17T17:34:07Z,2019-02-17T17:40:34Z,I agree,Gay,Man,Single,Most of my family,Face only,23,Large,White,Bottom,4,3,3,5,2,4,4,2,1,4,white-em-03,black-hm-05,white-em-05,white-hm-04,latino-em-03,white-em-04,asian-em-05,latino-hm-05,latino-hm-02,latino-em-04
10535869321,2019-02-17T17:33:03Z,2019-02-17T17:40:24Z,I agree,Gay,Man,Single,Everyone,Face only,20,Slim,Asian,Versatile,3,4,3,3,1,3,3,4,1,2,white-em-03,black-hm-04,latino-hm-01,asian-em-03,asian-hm-04,black-em-04,asian-em-05,white-hm-01,asian-em-01,asian-em-02
10535861325,2019-02-17T17:23:23Z,2019-02-17T17:32:50Z,I agree,Bisexual/curious,Man,Single,Nobody,Body and face,18,Average,White,Versatile,3,1,4,5,1,4,5,1,1,2,black-em-03,black-hm-05,white-em-05,black-em-05,black-hm-03,black-em-04,latino-hm-04,white-hm-05,black-hm-01,latino-em-04
10535839017,2019-02-17T16:56:15Z,2019-02-17T17:02:06Z,I agree,Gay,Man,Single,Everyone,Face only,22,Slim,White,Bottom,2,2,5,5,3,4,4,1,3,4,white-em-03,black-hm-04,white-hm-03,black-em-05,black-hm-03,asian-hm-03,latino-hm-04,white-hm-01,black-hm-01,asian-hm-05
10535831216,2019-02-17T16:45:18Z,2019-02-17T16:51:25Z,I agree,Gay,Man,Single,Everyone,Body and face,19,Average,Latino,Versatile,3,1,4,5,1,2,3,1,1,1,asian-hm-02,black-hm-04,latino-hm-01,asian-em-04,black-hm-03,asian-hm-03,latino-hm-03,white-hm-01,latino-hm-02,latino-em-01
10535815536,2019-02-17T16:25:08Z,2019-02-17T16:33:16Z,I agree,Gay,Man,Dating,Everyone,Body and face,24,Slim,White,Versatile,1,1,3,5,1,4,4,1,1,1,white-em-03,white-hm-02,latino-hm-01,asian-em-04,black-hm-03,asian-hm-03,latino-hm-04,latino-hm-05,latino-hm-02,latino-em-01
10535814082,2019-02-17T16:24:10Z,2019-02-17T16:29:04Z,I agree,Mostly gay,Man,Single,A few family members,Body and face,20,Large,White,Versatile,2,2,3,4,1,4,4,1,1,4,white-em-01,black-hm-05,white-hm-03,asian-em-04,asian-hm-04,asian-hm-03,latino-hm-04,latino-em-05,white-em-02,latino-em-01
10535812706,2019-02-17T16:22:20Z,2019-02-17T16:27:27Z,I agree,Mostly gay,Man,Single,Most of my friends,Face only,18,Slim,White,Versatile,1,1,3,3,1,4,3,1,2,3,asian-hm-02,black-hm-05,latino-hm-01,black-em-05,latino-em-03,black-em-04,asian-hm-01,white-hm-05,latino-hm-02,latino-em-04
10535812220,2019-02-17T16:21:58Z,2019-02-17T16:28:02Z,I agree,Gay,Man,Single,Most of my friends,Face only,19,Stocky,Latino,Versatile,3,4,5,4,2,4,4,3,3,4,asian-hm-02,black-hm-05,latino-hm-01,asian-em-04,asian-hm-04,white-em-04,asian-em-05,white-hm-01,asian-em-01,latino-em-04
10535806391,2019-02-17T16:14:39Z,2019-02-17T16:20:36Z,I agree,Gay,Man,Single,Everyone,Body and face,19,Slim,Latino,Bottom,2,4,1,5,1,3,3,1,1,1,asian-hm-02,white-hm-02,white-hm-03,white-hm-04,latino-em-03,asian-hm-03,latino-hm-03,latino-em-05,latino-hm-02,latino-em-04
10535804962,2019-02-17T16:12:46Z,2019-02-17T16:20:29Z,I agree,Mostly gay,Man,Relationship,Everyone,Face only,18,Average,White,Versatile,2,3,3,2,3,4,4,1,2,4,white-em-01,black-hm-04,latino-hm-01,white-hm-04,black-hm-03,white-em-04,latino-hm-04,white-hm-01,latino-hm-02,latino-em-04
10535794228,2019-02-17T15:59:53Z,2019-02-17T16:05:47Z,I agree,Gay,Trans man,Single,Everyone,Face only,20,Average,Latino,Top,1,4,1,4,1,4,1,3,1,2,asian-hm-02,black-hm-05,latino-hm-01,asian-em-04,asian-hm-04,black-em-04,asian-hm-01,latino-em-05,latino-hm-02,latino-em-04
10535792148,2019-02-17T13:12:18Z,2019-02-17T16:03:17Z,I agree,Gay,Man,Relationship,Most of my family,Body and face,31,Average,White,No sex,2,2,1,3,2,2,3,2,2,3,white-em-01,black-hm-04,latino-hm-01,white-hm-04,black-hm-03,white-em-04,latino-hm-03,white-hm-01,latino-hm-02,latino-em-04
10535763314,2019-02-17T15:22:37Z,2019-02-17T15:26:53Z,I agree,Gay,Man,Single,Most of my friends,Face only,24,Average,Black,Versatile,5,1,5,1,5,5,5,1,4,4,white-em-01,black-hm-05,latino-hm-01,asian-em-04,black-hm-02,black-em-04,latino-hm-03,white-hm-01,black-hm-01,asian-hm-05
10535742804,2019-02-17T15:00:46Z,2019-02-17T15:09:13Z,I agree,Bisexual/curious,Man,Relationship,A few friends,Body and face,48,Average,White,Top,1,1,1,4,4,1,2,1,1,1,asian-hm-02,white-hm-02,white-em-05,asian-em-03,asian-hm-04,asian-hm-03,asian-hm-01,white-hm-05,asian-em-01,asian-em-02
10535742750,2019-02-17T15:01:15Z,2019-02-17T15:07:09Z,I agree,Mostly gay,Man,Single,Everyone,Body and face,19,Average,White,Top,3,1,1,3,1,4,5,1,3,4,white-em-03,white-hm-02,white-hm-03,black-em-05,latino-em-03,asian-hm-03,latino-hm-03,white-hm-05,white-em-02,latino-em-01
10535622258,2019-02-17T12:10:22Z,2019-02-17T12:41:06Z,I agree,Gay,Man,Single,Most of my friends,Body and face,23,Stocky,Black,Versatile,2,3,2,4,3,3,3,4,3,3,black-em-03,black-hm-04,latino-hm-01,black-em-05,black-hm-03,black-em-04,latino-hm-04,white-hm-01,black-hm-01,latino-em-04
10535607863,2019-02-17T12:16:38Z,2019-02-17T12:26:45Z,I agree,Gay,Man,Single,Everyone,Body and face,26,Average,White,Bottom,1,1,2,3,1,2,2,1,1,2,white-em-03,white-hm-02,white-hm-03,white-hm-04,black-hm-03,white-em-04,latino-hm-04,white-hm-01,latino-hm-02,latino-em-04
10535601149,2019-02-17T12:07:50Z,2019-02-17T12:18:47Z,I agree,Gay,Man,Single,Everyone,Body only,38,Stocky,White,Versatile,1,1,2,4,3,4,3,1,1,4,black-em-03,black-hm-04,white-hm-03,black-em-05,black-hm-03,black-em-04,latino-hm-03,latino-em-05,latino-hm-02,asian-hm-05
10535598206,2019-02-17T12:06:06Z,2019-02-17T12:19:23Z,I agree,Gay,Man,Single,Most of my family,Body and face,47,Average,Asian,Versatile,1,1,1,5,4,4,4,4,4,4,white-em-03,white-hm-02,latino-hm-01,white-hm-04,black-hm-03,white-em-04,latino-hm-03,latino-hm-05,latino-hm-02,latino-em-04
10535597462,2019-02-17T12:04:02Z,2019-02-17T12:11:38Z,I agree,Gay,Man,Single,Everyone,Face only,24,Stocky,White,Bottom,1,3,4,3,1,2,3,1,1,1,black-em-03,black-hm-04,white-hm-03,black-em-05,latino-em-03,black-em-04,asian-em-05,white-hm-01,black-hm-01,latino-em-04
10535596911,2019-02-17T12:04:33Z,2019-02-17T12:11:18Z,I agree,Gay,Man,Single,A few friends,Body and face,36,Toned,Black,Bottom,2,2,1,1,1,1,1,1,1,1,asian-hm-02,white-hm-02,latino-hm-01,white-hm-04,black-hm-02,asian-hm-03,latino-hm-03,latino-hm-05,latino-hm-02,asian-hm-05
10535586233,2019-02-17T11:51:11Z,2019-02-17T11:57:23Z,I agree,Gay,Man,Single,Everyone,Face only,30,Large,White,Bottom,3,2,3,3,3,2,4,2,2,3,white-em-01,white-hm-02,white-hm-03,white-hm-04,latino-em-03,white-em-04,latino-hm-03,white-hm-01,white-em-02,asian-em-02
10535584195,2019-02-17T11:49:12Z,2019-02-17T11:55:39Z,I agree,Mostly gay,Man,Single,Only the guys I have sex with,Nothing (blank),39,Average,White,Top,2,1,2,3,4,3,4,3,5,4,asian-hm-02,white-hm-02,white-hm-03,white-hm-04,latino-em-03,asian-hm-03,latino-hm-03,latino-hm-05,white-em-02,latino-em-04
10535580985,2019-02-17T11:44:20Z,2019-02-17T11:53:40Z,I agree,Mostly gay,Man,Single,Everyone,Face only,21,Slim,Black,Versatile,1,4,3,4,2,5,4,5,1,1,black-em-03,black-hm-04,black-em-01,black-em-05,black-hm-03,asian-hm-03,asian-hm-01,latino-em-05,latino-hm-02,latino-em-04
10535556612,2019-02-17T11:16:29Z,2019-02-17T11:23:01Z,I agree,Gay,Man,Relationship,Everyone,Face only,24,Large,Latino,Top,3,2,1,3,1,3,3,1,1,1,white-em-03,white-hm-02,white-hm-03,black-em-05,black-hm-03,white-em-04,latino-hm-04,white-hm-01,black-hm-01,latino-em-01
10535556535,2019-02-17T11:16:32Z,2019-02-17T11:21:56Z,I agree,Gay,Man,Single,Everyone,Nothing (blank),28,Average,White,Bottom,1,1,1,3,2,4,2,1,2,2,white-em-03,white-hm-02,white-hm-03,white-hm-04,latino-em-03,white-em-04,latino-hm-03,white-hm-05,white-em-02,latino-em-01
10535404220,2019-02-17T08:05:32Z,2019-02-17T08:14:02Z,I agree,Straight,Man,Single,Nobody,Nothing (blank),26,Average,Other,No sex,1,1,1,1,1,1,1,1,1,1,white-em-03,white-hm-02,white-em-05,black-em-05,black-hm-02,black-em-04,latino-hm-04,white-hm-05,latino-hm-02,latino-em-04
10535191329,2019-02-17T01:15:55Z,2019-02-17T01:25:42Z,I agree,Gay,Man,Single,A few family members,Face only,27,Average,White,Versatile,3,1,2,2,4,4,3,1,4,5,white-em-01,black-em-02,white-em-05,asian-em-04,latino-em-03,black-em-04,asian-hm-01,white-hm-05,asian-em-01,asian-em-02
10535189737,2019-02-17T01:12:18Z,2019-02-17T01:21:42Z,I agree,Gay,Man,Single,Everyone,Face only,23,Muscular,Black,Bottom,4,1,1,5,1,2,4,2,1,3,white-em-01,white-hm-02,latino-hm-01,white-hm-04,black-hm-02,white-em-04,latino-hm-03,white-hm-01,latino-hm-02,latino-em-04
10535091255,2019-02-16T21:49:22Z,2019-02-16T21:55:45Z,I agree,Mostly gay,Man,Single,A few family members,Face only,35,Large,White,Bottom,3,1,3,4,1,4,3,1,1,1,asian-hm-02,black-em-02,white-em-05,asian-em-03,black-hm-03,white-em-04,asian-hm-01,white-hm-05,white-em-02,asian-hm-05
10535027674,2019-02-16T20:00:52Z,2019-02-16T20:09:16Z,I agree,Gay,Man,Single,A few family members,Nothing (blank),30,Large,White,Bottom,1,1,1,2,1,1,3,2,1,3,white-em-03,black-hm-04,white-em-05,asian-em-04,asian-hm-04,asian-hm-03,asian-hm-01,white-hm-05,asian-em-01,asian-em-02
10534767877,2019-02-16T13:58:16Z,2019-02-16T14:05:17Z,I agree,Bisexual/curious,Man,Relationship,A few friends,Something random,55,Stocky,White,Top,1,2,2,3,2,4,2,2,3,3,white-em-03,black-hm-05,white-hm-03,white-hm-04,latino-em-03,asian-hm-03,latino-hm-04,white-hm-05,white-em-02,asian-hm-05
10534744759,2019-02-16T13:32:07Z,2019-02-16T13:35:43Z,I agree,Gay,Man,Single,Everyone,Body and face,20,Average,White,Versatile,2,2,2,2,2,4,2,2,2,2,white-em-03,black-hm-04,latino-hm-01,white-hm-04,black-hm-03,asian-hm-03,latino-hm-03,latino-hm-05,white-em-02,asian-em-02
10534691341,2019-02-16T12:30:20Z,2019-02-16T12:39:06Z,I agree,Gay,Man,Single,A few family members,Face only,27,Stocky,White,Versatile,4,1,3,4,2,4,3,1,3,3,white-em-03,white-hm-02,latino-hm-01,white-hm-04,latino-em-03,asian-hm-03,latino-hm-03,latino-hm-05,latino-hm-02,asian-hm-05
10534651295,2019-02-16T11:47:57Z,2019-02-16T11:54:56Z,I agree,Gay,Man,Single,Most of my family,Face only,31,Toned,Asian,Top,3,2,4,4,4,4,4,3,3,4,white-em-03,white-hm-02,white-hm-03,white-hm-04,latino-em-03,asian-hm-03,latino-hm-03,white-hm-01,latino-hm-02,latino-em-04
10534641237,2019-02-16T11:34:23Z,2019-02-16T11:57:08Z,I agree,Gay,Man,Relationship,Everyone,Body and face,47,Stocky,White,Top,1,1,2,3,1,2,3,1,1,3,white-em-01,white-hm-02,latino-hm-01,white-hm-04,latino-em-03,white-em-04,latino-hm-04,white-hm-01,latino-hm-02,latino-em-04
10534594930,2019-02-16T10:45:19Z,2019-02-16T10:55:07Z,I agree,Bisexual/curious,Man,Single,A few friends,Body only,30,Large,White,Versatile,2,1,2,2,3,3,2,1,2,2,white-em-01,black-hm-04,white-hm-03,white-hm-04,latino-em-03,white-em-04,latino-hm-04,white-hm-01,black-hm-01,asian-em-02
10534570570,2019-02-16T09:04:07Z,2019-02-16T10:34:35Z,I agree,Gay,Man,Single,Most of my family,Face only,29,Large,White,Bottom,4,1,4,4,2,3,4,1,1,4,asian-hm-02,black-hm-05,white-hm-03,black-em-05,black-hm-02,black-em-04,asian-hm-01,white-hm-01,black-hm-01,latino-em-04
10534563891,2019-02-16T10:14:57Z,2019-02-16T10:23:49Z,I agree,Gay,Man,Single,Everyone,Something random,57,Average,White,Bottom,2,1,3,4,2,2,4,1,1,2,asian-hm-02,white-hm-02,latino-hm-01,white-hm-04,black-hm-02,asian-hm-03,latino-hm-03,white-hm-01,latino-hm-02,asian-hm-05
10534561812,2019-02-16T10:12:25Z,2019-02-16T10:20:18Z,I agree,Gay,Man,Relationship,Everyone,Something random,38,Stocky,White,Versatile,1,1,2,3,2,3,2,1,1,2,white-em-01,black-hm-05,white-hm-03,white-hm-04,latino-em-03,white-em-04,latino-hm-04,white-hm-01,white-em-02,latino-em-01
10534550299,2019-02-16T10:01:30Z,2019-02-16T10:07:09Z,I agree,Gay,Man,Single,Most of my family,Face only,29,Stocky,White,Bottom,3,1,2,3,2,2,4,1,2,3,white-em-03,white-hm-02,white-hm-03,white-hm-04,asian-hm-04,white-em-04,latino-hm-04,white-hm-05,white-em-02,asian-hm-05
10534532327,2019-02-16T09:42:16Z,2019-02-16T09:51:14Z,I agree,Gay,Man,Single,Everyone,Body and face,46,Average,White,Versatile,4,1,3,2,2,2,4,1,2,2,black-em-03,black-em-02,white-em-05,asian-em-04,latino-em-03,black-em-04,latino-hm-04,latino-hm-05,black-hm-01,latino-em-01
10534517518,2019-02-16T09:25:10Z,2019-02-16T09:32:55Z,I agree,Gay,Man,Single,Everyone,Face only,33,Average,White,Versatile,1,1,2,3,1,1,3,1,1,1,white-em-01,black-hm-05,white-hm-03,black-em-05,black-hm-02,white-em-04,latino-hm-03,latino-em-05,white-em-02,asian-em-02
10534496115,2019-02-16T09:02:56Z,2019-02-16T09:13:11Z,I agree,Gay,Man,Single,Everyone,Something random,48,Average,White,Bottom,3,1,4,3,1,4,3,1,1,4,white-em-01,black-hm-05,white-em-05,asian-em-03,latino-em-03,asian-hm-03,asian-hm-01,white-hm-05,asian-em-01,asian-em-02
10534145164,2019-02-15T23:52:01Z,2019-02-16T00:04:34Z,I agree,Gay,Man,Single,A few family members,Body and face,52,Stocky,Black,No sex,1,2,3,4,2,3,4,2,2,1,black-em-03,black-hm-05,latino-hm-01,asian-em-04,black-hm-02,asian-hm-03,asian-hm-01,latino-em-05,latino-hm-02,latino-em-04
10534131663,2019-02-15T23:31:43Z,2019-02-15T23:37:27Z,I agree,Mostly straight,Man,Single,A few friends,Body only,24,Average,Other,Versatile,3,1,3,3,4,3,4,3,3,4,white-em-01,white-hm-02,white-em-05,asian-em-04,latino-em-03,asian-hm-03,latino-hm-03,white-hm-05,white-em-02,asian-hm-05
10534092762,2019-02-15T22:37:48Z,2019-02-15T23:13:51Z,I agree,Gay,Man,Single,Everyone,Face only,61,Slim,Black,Versatile,1,1,1,1,1,1,1,1,1,1,asian-hm-02,white-hm-02,latino-hm-01,asian-em-03,black-hm-02,asian-hm-03,latino-hm-03,latino-hm-05,latino-hm-02,asian-em-02
10534071634,2019-02-15T22:10:51Z,2019-02-15T22:22:24Z,I agree,Gay,Man,Relationship,Everyone,Body and face,45,Average,White,Top,1,1,2,3,2,1,2,1,1,2,white-em-01,white-hm-02,white-hm-03,white-hm-04,black-hm-02,white-em-04,latino-hm-03,latino-em-05,white-em-02,latino-em-01
10534066894,2019-02-15T22:04:06Z,2019-02-15T22:13:53Z,I agree,Gay,Man,Single,Everyone,Nothing (blank),42,Large,White,Versatile,2,1,1,4,3,2,4,1,1,2,white-em-01,white-hm-02,white-hm-03,white-hm-04,latino-em-03,white-em-04,latino-hm-03,white-hm-01,white-em-02,latino-em-04
10534064528,2019-02-15T22:02:14Z,2019-02-15T22:07:58Z,I agree,Gay,Man,Single,Everyone,Face only,35,Average,White,No sex,1,1,3,4,3,4,4,2,2,2,black-em-03,white-hm-02,latino-hm-01,black-em-05,latino-em-03,white-em-04,asian-em-05,white-hm-01,latino-hm-02,latino-em-04
10534000065,2019-02-15T20:45:29Z,2019-02-15T20:51:17Z,I agree,Gay,Man,Single,Everyone,Body only,20,Average,Black,Bottom,1,5,5,3,1,5,3,3,1,4,white-em-01,black-hm-05,white-em-05,asian-em-03,asian-hm-04,asian-hm-03,latino-hm-04,latino-hm-05,asian-em-01,latino-em-04
10533999175,2019-02-15T20:43:42Z,2019-02-15T20:51:03Z,I agree,Mostly gay,Man,Single,Most of my friends,Face only,18,Average,Black,Top,1,1,1,2,2,2,3,3,2,3,white-em-03,white-hm-02,white-em-05,black-em-05,black-hm-02,black-em-04,asian-hm-01,latino-em-05,latino-hm-02,latino-em-04
10533895439,2019-02-15T19:06:00Z,2019-02-15T19:14:50Z,I agree,Gay,Man,Single,A few family members,Body only,28,Average,Mixed,Top,4,3,4,5,3,5,4,3,4,4,asian-hm-02,white-hm-02,latino-hm-01,white-hm-04,latino-em-03,asian-hm-03,latino-hm-03,white-hm-01,latino-hm-02,asian-hm-05
10533732661,2019-02-15T17:09:24Z,2019-02-15T17:16:28Z,I agree,Gay,Man,Single,A few friends,Face only,42,Average,Asian,Bottom,3,3,3,4,4,4,4,3,3,4,white-em-01,white-hm-02,latino-hm-01,asian-em-04,asian-hm-04,asian-hm-03,asian-hm-01,white-hm-05,white-em-02,asian-hm-05
10533630062,2019-02-15T16:13:20Z,2019-02-15T16:22:18Z,I agree,Gay,Man,Single,Most of my friends,Face only,32,Average,Asian,Bottom,2,3,3,4,4,4,2,2,3,1,white-em-01,white-hm-02,latino-hm-01,black-em-05,latino-em-03,asian-hm-03,latino-hm-03,latino-hm-05,white-em-02,asian-hm-05
10533621099,2019-02-15T16:08:41Z,2019-02-15T16:13:43Z,I agree,Gay,Man,Single,Only the guys I have sex with,Face only,27,Slim,Asian,Top,4,4,4,4,3,3,4,3,3,5,asian-hm-02,white-hm-02,white-hm-03,asian-em-04,asian-hm-04,asian-hm-03,latino-hm-03,white-hm-05,white-em-02,asian-hm-05
10533615222,2019-02-15T16:05:21Z,2019-02-15T16:13:58Z,I agree,Mostly gay,Man,Single,A few friends,Body only,27,Average,Asian,Bottom,3,1,3,3,1,3,2,1,2,1,asian-hm-02,white-hm-02,white-hm-03,white-hm-04,black-hm-02,asian-hm-03,latino-hm-03,white-hm-01,latino-hm-02,latino-em-04
10533457146,2019-02-15T14:48:07Z,2019-02-15T14:56:19Z,I agree,Gay,Man,Single,A few friends,Body only,40,Average,Asian,Bottom,1,1,2,1,1,1,1,1,1,1,asian-hm-02,black-hm-04,black-em-01,asian-em-04,asian-hm-04,black-em-04,asian-em-05,white-hm-01,latino-hm-02,asian-hm-05
10533416759,2019-02-15T14:31:17Z,2019-02-15T14:38:22Z,I agree,Gay,Man,Relationship,A few friends,Face only,28,Muscular,Asian,Bottom,4,2,4,5,3,3,5,1,4,4,white-em-03,white-hm-02,latino-hm-01,white-hm-04,asian-hm-04,white-em-04,latino-hm-03,white-hm-01,latino-hm-02,asian-hm-05
10533221545,2019-02-15T13:04:12Z,2019-02-15T13:11:57Z,I agree,Gay,Man,Single,A few friends,Face only,33,Slim,Asian,Versatile,1,1,1,2,2,3,1,1,2,2,asian-hm-02,white-hm-02,white-em-05,asian-em-04,black-hm-02,white-em-04,latino-hm-03,latino-hm-05,white-em-02,asian-hm-05
10533205766,2019-02-15T12:57:29Z,2019-02-15T13:09:45Z,I agree,Gay,Man,Relationship,A few family members,Body only,41,Muscular,Asian,Top,5,3,2,5,3,3,3,3,3,5,white-em-01,white-hm-02,latino-hm-01,white-hm-04,latino-em-03,asian-hm-03,latino-hm-03,white-hm-01,white-em-02,latino-em-04
10533189980,2019-02-15T12:50:32Z,2019-02-15T12:56:32Z,I agree,Gay,Man,Single,Most of my family,Face only,27,Average,Mixed,Bottom,1,1,3,4,2,4,3,1,1,1,asian-hm-02,white-hm-02,latino-hm-01,white-hm-04,black-hm-02,white-em-04,latino-hm-04,white-hm-01,latino-hm-02,latino-em-04
10533174505,2019-02-15T12:42:44Z,2019-02-15T12:52:32Z,I agree,Gay,Man,Single,Everyone,Body and face,32,Average,Latino,Bottom,2,4,1,4,4,3,4,1,1,1,black-em-03,black-hm-04,latino-hm-01,black-em-05,black-hm-02,black-em-04,latino-hm-03,latino-em-05,latino-hm-02,latino-em-04
10533161260,2019-02-15T12:37:59Z,2019-02-15T12:46:08Z,I agree,Gay,Man,Single,Most of my friends,Body and face,30,Slim,Black,Versatile,3,4,3,5,1,4,4,5,3,3,asian-hm-02,black-hm-04,latino-hm-01,black-em-05,black-hm-02,asian-hm-03,latino-hm-03,latino-hm-05,latino-hm-02,latino-em-01
10533149612,2019-02-15T12:33:02Z,2019-02-15T12:38:07Z,I agree,Gay,Man,Single,Most of my friends,Face only,20,Average,Latino,Bottom,2,3,1,3,1,1,2,2,1,3,black-em-03,white-hm-02,white-em-05,black-em-05,asian-hm-04,white-em-04,latino-hm-03,latino-em-05,black-hm-01,latino-em-01
10533126205,2019-02-15T12:23:07Z,2019-02-15T12:26:42Z,I agree,Bisexual/curious,Man,Single,A few friends,Body and face,23,Average,Asian,Versatile,3,1,1,3,3,3,3,3,2,3,white-em-03,white-hm-02,white-hm-03,asian-em-04,asian-hm-04,asian-hm-03,latino-hm-03,latino-hm-05,white-em-02,asian-hm-05
10532946899,2019-02-15T11:10:52Z,2019-02-15T11:31:17Z,I agree,Gay,Man,Single,Most of my friends,Face only,30,Slim,Asian,Versatile,3,5,5,5,2,5,3,1,3,3,white-em-01,white-hm-02,latino-hm-01,white-hm-04,asian-hm-04,white-em-04,latino-hm-04,white-hm-01,white-em-02,latino-em-04
10532030071,2019-02-15T02:01:21Z,2019-02-15T02:06:24Z,I agree,Mostly gay,Man,Relationship,Everyone,Face only,32,Large,White,Bottom,4,1,5,5,3,5,5,1,3,4,white-em-01,black-hm-05,latino-hm-01,white-hm-04,black-hm-02,white-em-04,asian-hm-01,white-hm-01,latino-hm-02,latino-em-04
10531864397,2019-02-14T22:45:32Z,2019-02-14T23:35:27Z,I agree,Mostly gay,Man,Single,A few friends,Body and face,30,Toned,Asian,Versatile,3,3,3,4,1,3,4,1,2,4,asian-hm-02,white-hm-02,white-em-05,asian-em-04,black-hm-02,black-em-04,latino-hm-03,latino-hm-05,asian-em-01,latino-em-01
10531447986,2019-02-14T17:29:53Z,2019-02-14T17:39:20Z,I agree,Gay,Man,Single,A few friends,Body and face,28,Slim,Asian,Versatile,4,3,4,4,3,4,5,3,3,5,white-em-01,white-hm-02,white-em-05,white-hm-04,asian-hm-04,white-em-04,latino-hm-04,white-hm-05,white-em-02,latino-em-04
10531441213,2019-02-14T17:24:53Z,2019-02-14T17:32:09Z,I agree,Bisexual/curious,Man,Single,A few friends,Something random,22,Average,Asian,No sex,4,3,3,4,4,4,5,3,3,4,white-em-01,white-hm-02,white-hm-03,white-hm-04,asian-hm-04,white-em-04,asian-em-05,white-hm-05,white-em-02,asian-em-02
10531435272,2019-02-14T17:23:13Z,2019-02-14T17:28:32Z,I agree,Gay,Man,Single,A few friends,Body and face,18,Toned,Asian,Bottom,5,1,3,4,4,3,4,1,5,5,asian-hm-02,white-hm-02,white-hm-03,white-hm-04,black-hm-02,black-em-04,latino-hm-03,white-hm-05,black-hm-01,latino-em-04
10531247456,2019-02-14T15:50:03Z,2019-02-14T15:56:26Z,I agree,Gay,Man,Single,Everyone,Face only,24,Slim,White,Versatile,2,1,1,3,1,3,2,3,3,1,white-em-01,black-hm-05,white-hm-03,white-hm-04,black-hm-03,white-em-04,latino-hm-04,white-hm-01,black-hm-01,latino-em-01
10530812562,2019-02-14T12:38:02Z,2019-02-14T12:43:12Z,I agree,Bisexual/curious,Man,Single,Only the guys I have sex with,Nothing (blank),21,Average,White,Top,3,1,3,4,4,3,4,1,4,4,white-em-03,black-hm-04,white-em-05,white-hm-04,black-hm-03,asian-hm-03,latino-hm-03,white-hm-05,white-em-02,latino-em-01
10530650155,2019-02-14T11:34:24Z,2019-02-14T11:42:52Z,I agree,Gay,Man,Relationship,Everyone,Something random,34,Average,Asian,No sex,4,4,3,3,3,3,3,3,3,2,asian-hm-02,white-hm-02,white-hm-03,asian-em-04,latino-em-03,asian-hm-03,latino-hm-03,white-hm-05,white-em-02,asian-hm-05
10530638495,2019-02-14T11:29:08Z,2019-02-14T11:38:24Z,I agree,Gay,Man,Single,Everyone,Face only,34,Slim,Latino,Versatile,3,3,2,4,5,4,3,2,5,2,black-em-03,white-hm-02,latino-hm-01,white-hm-04,black-hm-02,white-em-04,latino-hm-03,latino-hm-05,latino-hm-02,latino-em-04
10530581073,2019-02-14T11:07:22Z,2019-02-14T11:16:52Z,I agree,Gay,Man,Single,A few friends,Face only,40,Average,Asian,Top,3,2,3,4,5,4,4,1,5,3,white-em-03,black-hm-04,white-hm-03,white-hm-04,asian-hm-04,asian-hm-03,latino-hm-04,white-hm-01,latino-hm-02,asian-hm-05
10530576726,2019-02-14T11:06:13Z,2019-02-14T11:14:18Z,I agree,Gay,Man,Relationship,Everyone,Body and face,34,Average,Latino,Top,3,1,3,3,3,3,4,1,3,3,white-em-03,white-hm-02,latino-hm-01,white-hm-04,latino-em-03,white-em-04,latino-hm-03,latino-hm-05,latino-hm-02,latino-em-04
10530522628,2019-02-14T10:44:54Z,2019-02-14T10:49:41Z,I agree,Gay,Man,Single,A few family members,Face only,25,Average,South Asian,Top,2,1,3,5,3,3,4,1,3,5,white-em-03,white-hm-02,latino-hm-01,white-hm-04,asian-hm-04,asian-hm-03,latino-hm-03,latino-hm-05,white-em-02,asian-em-02
10530513980,2019-02-14T10:41:14Z,2019-02-14T11:40:40Z,I agree,Mostly gay,Man,Single,Everyone,Face only,28,Large,Latino,Versatile,1,1,1,2,2,1,1,1,1,1,black-em-03,black-hm-04,white-hm-03,black-em-05,black-hm-02,black-em-04,latino-hm-03,latino-hm-05,latino-hm-02,latino-em-04
10529691128,2019-02-14T03:03:29Z,2019-02-14T03:11:21Z,I agree,Gay,Man,Single,Nobody,Nothing (blank),24,Stocky,Other,Bottom,2,1,4,3,3,3,2,1,5,4,asian-hm-02,black-hm-04,latino-hm-01,white-hm-04,asian-hm-04,white-em-04,latino-hm-03,white-hm-01,latino-hm-02,latino-em-04
10529521723,2019-02-14T00:20:21Z,2019-02-14T00:24:55Z,I agree,Bisexual/curious,Trans man,Relationship,Only the guys I have sex with,Body only,38,Slim,White,Bottom,2,1,3,3,1,4,2,1,2,2,white-em-03,black-hm-05,white-em-05,white-hm-04,black-hm-02,black-em-04,asian-em-05,white-hm-05,asian-em-01,latino-em-04
10529401543,2019-02-13T22:31:44Z,2019-02-13T22:36:07Z,I agree,Gay,Man,Single,Everyone,Face only,18,Average,Latino,Bottom,5,5,5,5,2,3,5,4,5,5,white-em-03,white-hm-02,white-em-05,asian-em-03,asian-hm-04,asian-hm-03,latino-hm-04,white-hm-05,white-em-02,asian-hm-05
10529387466,2019-02-13T22:20:56Z,2019-02-13T22:32:29Z,I agree,Gay,Man,Single,A few friends,Face only,35,Slim,Asian,Bottom,4,3,2,5,4,1,5,4,3,4,white-em-01,white-hm-02,white-hm-03,white-hm-04,black-hm-02,white-em-04,latino-hm-03,white-hm-05,white-em-02,latino-em-04
10529366199,2019-02-13T22:04:29Z,2019-02-13T22:10:50Z,I agree,Gay,Man,Single,Most of my friends,Body and face,24,Large,White,Versatile,2,1,2,5,2,2,2,1,1,2,white-em-03,black-hm-05,latino-hm-01,white-hm-04,black-hm-02,white-em-04,asian-em-05,white-hm-01,asian-em-01,latino-em-04
10529359442,2019-02-13T21:59:20Z,2019-02-13T22:05:42Z,I agree,Mostly gay,Man,Single,Most of my family,Face only,28,Slim,Mixed,Top,3,2,3,4,2,4,4,2,2,4,white-em-01,black-em-02,white-hm-03,asian-em-04,asian-hm-04,white-em-04,asian-hm-01,white-hm-05,white-em-02,asian-em-02
10529335085,2019-02-13T21:40:08Z,2019-02-13T21:46:01Z,I agree,Gay,Man,Single,Most of my family,Face only,20,Large,Latino,Bottom,3,3,2,3,3,3,3,3,2,3,black-em-03,black-hm-04,latino-hm-01,black-em-05,black-hm-03,black-em-04,latino-hm-03,latino-hm-05,black-hm-01,latino-em-04
10528849631,2019-02-13T17:02:06Z,2019-02-13T17:19:29Z,I agree,Bisexual/curious,Man,Single,A few friends,Nothing (blank),24,Stocky,White,No sex,2,1,2,3,3,2,3,1,2,4,white-em-03,white-hm-02,latino-hm-01,asian-em-04,black-hm-02,white-em-04,asian-hm-01,latino-hm-05,black-hm-01,latino-em-04
10528330395,2019-02-13T13:29:01Z,2019-02-13T13:36:43Z,I agree,Gay,Man,Single,Everyone,Face only,37,Stocky,Other,Bottom,1,4,2,2,1,2,2,1,2,2,black-em-03,black-hm-04,white-hm-03,black-em-05,black-hm-03,asian-hm-03,latino-hm-03,latino-hm-05,black-hm-01,asian-hm-05
10528271612,2019-02-13T12:57:54Z,2019-02-13T13:10:08Z,I agree,Gay,Man,Single,Everyone,Body and face,27,Stocky,Latino,Bottom,2,2,2,3,2,2,3,1,1,2,white-em-03,black-hm-05,white-hm-03,white-hm-04,latino-em-03,asian-hm-03,latino-hm-04,white-hm-01,latino-hm-02,asian-hm-05
10528204399,2019-02-13T12:41:37Z,2019-02-13T12:50:16Z,I agree,Gay,Man,Single,Everyone,Body and face,31,Average,Latino,Top,3,1,1,3,5,4,4,1,1,1,white-em-01,white-hm-02,latino-hm-01,asian-em-04,asian-hm-04,black-em-04,latino-hm-03,latino-hm-05,latino-hm-02,latino-em-01
10528096497,2019-02-13T12:01:09Z,2019-02-13T12:16:11Z,I agree,Gay,Man,Single,A few friends,Face only,29,Slim,Asian,No sex,4,5,4,3,3,3,3,3,1,1,white-em-01,white-hm-02,latino-hm-01,white-hm-04,asian-hm-04,white-em-04,latino-hm-03,latino-hm-05,latino-hm-02,latino-em-04
10527894795,2019-02-13T10:48:05Z,2019-02-13T11:01:56Z,I agree,Mostly gay,Man,Single,A few family members,Body only,25,Toned,Latino,Versatile,3,1,4,4,3,2,2,3,2,1,asian-hm-02,black-hm-04,latino-hm-01,black-em-05,black-hm-03,black-em-04,latino-hm-03,white-hm-01,latino-hm-02,asian-hm-05
10527010341,2019-02-13T01:54:38Z,2019-02-13T02:02:50Z,I agree,Bisexual/curious,Man,Single,Everyone,Face only,18,Average,Latino,Versatile,2,2,2,2,1,1,2,3,1,2,white-em-01,black-hm-04,latino-hm-01,black-em-05,latino-em-03,latino-em-02,latino-hm-04,latino-hm-05,asian-em-01,latino-em-04
10526678559,2019-02-12T20:55:00Z,2019-02-12T21:01:00Z,I agree,Gay,Man,Single,A few family members,Body and face,34,Toned,Asian,Top,3,3,4,4,4,4,4,3,4,4,asian-hm-02,white-hm-02,white-em-05,white-hm-04,latino-em-03,asian-hm-03,latino-hm-03,white-hm-05,white-em-02,asian-hm-05
10526670937,2019-02-12T20:49:00Z,2019-02-12T20:54:00Z,I agree,Gay,Man,Relationship,Everyone,Nothing (blank),30,Large,White,Versatile,1,1,1,2,1,1,2,1,1,1,white-em-01,white-hm-02,white-em-05,white-hm-04,latino-em-03,white-em-04,latino-hm-04,white-hm-05,white-em-02,latino-em-01
10526367602,2019-02-12T17:43:00Z,2019-02-12T17:53:00Z,I agree,Gay,Man,Single,Everyone,Body and face,39,Muscular,Black,Versatile,2,1,2,1,1,4,3,3,1,1,white-em-03,black-em-02,white-em-05,white-hm-04,black-hm-03,white-em-04,latino-hm-04,white-hm-05,black-hm-01,asian-em-02
10526296100,2019-02-12T17:08:00Z,2019-02-12T17:14:00Z,I agree,Bisexual/curious,Man,Single,A few friends,Face only,18,Slim,Mixed,Versatile,4,1,5,1,1,3,2,1,1,2,white-em-01,white-hm-02,white-hm-03,white-hm-04,latino-em-03,asian-hm-03,latino-hm-04,white-hm-05,white-em-02,asian-hm-05
10526277529,2019-02-12T16:59:00Z,2019-02-12T17:08:00Z,I agree,Gay,Man,Single,Everyone,Face only,21,Average,Asian,Versatile,3,4,4,2,1,2,4,4,1,3,asian-hm-02,white-hm-02,latino-hm-01,asian-em-04,latino-em-03,asian-hm-03,latino-hm-03,latino-hm-05,latino-hm-02,latino-em-04
10526276487,2019-02-12T16:59:00Z,2019-02-12T17:12:00Z,I agree,Bisexual/curious,Man,Single,A few friends,Something random,28,Average,Latino,Versatile,1,1,1,2,1,4,1,1,1,1,white-em-01,black-hm-05,latino-hm-01,white-hm-04,latino-em-03,white-em-04,asian-hm-01,latino-hm-05,latino-hm-02,latino-em-04
10526241247,2019-02-12T16:43:00Z,2019-02-12T16:52:00Z,I agree,Gay,Man,Single,Only the guys I have sex with,Body and face,33,Average,White,Top,5,2,5,5,3,5,5,2,3,5,white-em-03,white-hm-02,white-em-05,white-hm-04,black-hm-03,white-em-04,latino-hm-04,white-hm-01,white-em-02,latino-em-01
10526219427,2019-02-12T16:33:00Z,2019-02-12T16:45:00Z,I agree,Mostly gay,Man,Single,Everyone,Body and face,23,Slim,Latino,Bottom,1,3,4,4,2,3,3,1,2,2,black-em-03,black-hm-05,latino-hm-01,white-hm-04,black-hm-03,black-em-04,latino-hm-03,latino-em-05,latino-hm-02,latino-em-01
10526145095,2019-02-12T16:01:00Z,2019-02-12T16:09:00Z,I agree,Bisexual/curious,Man,Relationship,A few friends,Something random,60,Large,White,Versatile,3,4,1,3,1,5,4,4,1,1,white-em-01,white-hm-02,latino-hm-01,black-em-05,black-hm-02,asian-hm-03,latino-hm-04,latino-hm-05,white-em-02,latino-em-01
10526017289,2019-02-12T15:09:00Z,2019-02-12T15:15:00Z,I agree,Gay,Man,Single,A few friends,Face only,23,Average,Other,Versatile,4,4,3,5,2,3,3,3,3,3,white-em-03,black-hm-04,latino-hm-01,white-hm-04,black-hm-02,black-em-04,latino-hm-03,latino-hm-05,white-em-02,latino-em-04
10526007343,2019-02-12T15:04:00Z,2019-02-12T15:16:00Z,I agree,Gay,Man,Single,Everyone,Face only,38,Average,South Asian,Bottom,5,1,4,5,5,5,5,5,5,5,black-em-03,black-hm-04,white-hm-03,black-em-05,black-hm-03,black-em-04,latino-hm-03,white-hm-01,black-hm-01,asian-hm-05
10525987458,2019-02-12T14:53:00Z,2019-02-12T15:05:00Z,I agree,Gay,Man,Single,Everyone,Face only,34,Average,Latino,Versatile,4,2,4,4,5,3,4,1,3,3,white-em-01,white-hm-02,latino-hm-01,white-hm-04,asian-hm-04,white-em-04,latino-hm-03,white-hm-01,latino-hm-02,latino-em-04
10525953958,2019-02-12T14:43:00Z,2019-02-12T14:51:00Z,I agree,Mostly gay,Man,Relationship,Everyone,Face only,30,Slim,Other,Versatile,3,1,2,5,3,5,4,1,2,2,black-em-03,black-em-02,latino-hm-01,black-em-05,latino-em-03,latino-em-02,latino-hm-03,latino-hm-05,asian-em-01,latino-em-04
10525549309,2019-02-12T12:14:00Z,2019-02-12T12:21:00Z,I agree,Gay,Man,Single,Everyone,Face only,36,Average,Latino,Bottom,1,4,4,2,2,2,2,1,1,2,white-em-03,white-hm-02,latino-hm-01,white-hm-04,black-hm-02,asian-hm-03,latino-hm-03,white-hm-01,latino-hm-02,latino-em-04
10525505670,2019-02-12T12:00:00Z,2019-02-12T12:06:00Z,I agree,Mostly gay,Man,Single,Most of my friends,Face only,20,Average,Black,Bottom,1,1,5,5,5,5,5,3,5,5,black-em-03,black-hm-04,latino-hm-01,black-em-05,black-hm-03,black-em-04,latino-hm-03,latino-hm-05,black-hm-01,latino-em-01
10525420827,2019-02-12T11:31:00Z,2019-02-12T11:38:00Z,I agree,Bisexual/curious,Man,Dating,A few friends,Something random,27,Average,Other,Top,1,1,3,2,1,2,1,4,1,3,black-em-03,black-hm-04,white-em-05,black-em-05,black-hm-03,black-em-04,latino-hm-03,latino-em-05,black-hm-01,asian-em-02
10525187037,2019-02-12T10:09:00Z,2019-02-12T11:52:00Z,I agree,Gay,Man,Single,Everyone,Body and face,28,Slim,Latino,Bottom,1,3,2,1,2,1,3,1,1,4,white-em-01,white-hm-02,white-hm-03,white-hm-04,black-hm-02,black-em-04,latino-hm-04,latino-hm-05,white-em-02,asian-em-02
10525177870,2019-02-12T10:06:00Z,2019-02-12T10:16:00Z,I agree,Gay,Man,Single,A few friends,Body and face,23,Average,White,Bottom,2,1,1,2,1,1,3,1,1,2,white-em-01,black-hm-05,white-em-05,black-em-05,black-hm-03,asian-hm-03,latino-hm-04,latino-hm-05,white-em-02,latino-em-04
10524723851,2019-02-12T06:33:00Z,2019-02-12T06:39:00Z,I agree,Gay,Man,Single,Most of my friends,Face only,25,Slim,White,Versatile,3,1,3,4,1,4,4,1,3,3,white-em-01,black-em-02,white-em-05,black-em-05,black-hm-03,black-em-04,latino-hm-04,latino-hm-05,latino-hm-02,latino-em-04
10524505929,2019-02-12T04:14:00Z,2019-02-12T04:21:00Z,I agree,Mostly gay,Man,Single,A few friends,Body and face,32,Average,White,Versatile,3,1,4,4,2,4,3,1,2,2,white-em-01,white-hm-02,latino-hm-01,white-hm-04,latino-em-03,white-em-04,latino-hm-04,white-hm-01,white-em-02,latino-em-04
10524366813,2019-02-12T02:16:00Z,2019-02-12T02:21:00Z,I agree,Gay,Man,Relationship,Everyone,Face only,22,Average,White,Bottom,2,1,2,3,1,4,3,1,2,2,white-em-01,white-hm-02,latino-hm-01,asian-em-03,asian-hm-04,white-em-04,latino-hm-04,latino-em-05,latino-hm-02,asian-hm-05
10524306063,2019-02-12T01:13:00Z,2019-02-12T01:20:00Z,I agree,Bisexual/curious,Man,Relationship,Nobody,Nothing (blank),54,Muscular,White,Versatile,2,3,3,3,4,4,3,1,4,4,asian-hm-02,white-hm-02,latino-hm-01,white-hm-04,latino-em-03,asian-hm-03,latino-hm-03,white-hm-01,latino-hm-02,asian-hm-05
10524292870,2019-02-12T00:58:00Z,2019-02-12T01:09:00Z,I agree,Gay,Man,Single,Everyone,Something random,49,Average,Latino,Versatile,1,3,3,5,4,1,1,3,4,4,asian-hm-02,black-hm-04,latino-hm-01,white-hm-04,black-hm-02,asian-hm-03,latino-hm-03,white-hm-01,latino-hm-02,asian-em-02
10524288820,2019-02-12T00:54:00Z,2019-02-12T00:59:00Z,I agree,Gay,Man,Relationship,Everyone,Face only,40,Average,White,No sex,1,3,4,3,2,4,3,2,2,3,white-em-01,white-hm-02,latino-hm-01,white-hm-04,latino-em-03,white-em-04,latino-hm-04,white-hm-01,white-em-02,asian-em-02
10524174819,2019-02-11T22:58:00Z,2019-02-11T23:04:00Z,I agree,Gay,Man,Relationship,Everyone,Body and face,26,Average,White,Versatile,1,1,1,2,1,3,2,1,1,2,asian-hm-02,white-hm-02,latino-hm-01,white-hm-04,black-hm-03,white-em-04,latino-hm-04,white-hm-01,latino-hm-02,latino-em-04
10524166888,2019-02-11T22:51:00Z,2019-02-11T22:58:00Z,I agree,Gay,Man,Single,A few family members,Body only,33,Muscular,Mixed,Versatile,3,3,3,5,4,5,3,4,4,3,asian-hm-02,black-hm-04,latino-hm-01,black-em-05,black-hm-02,black-em-04,latino-hm-03,latino-hm-05,latino-hm-02,latino-em-04
10524155311,2019-02-11T22:41:00Z,2019-02-11T22:59:00Z,I agree,Gay,Man,Single,A few friends,Body and face,19,Slim,Latino,Bottom,1,1,3,4,3,2,2,1,1,1,white-em-03,white-hm-02,black-em-01,asian-em-04,latino-em-03,asian-hm-03,latino-hm-04,white-hm-05,white-em-02,latino-em-04
10524154825,2019-02-11T22:41:00Z,2019-02-11T22:47:00Z,I agree,Gay,Man,Single,A few friends,Face only,26,Large,Latino,Bottom,4,4,3,4,3,4,3,3,2,3,white-em-03,white-hm-02,white-hm-03,asian-em-04,asian-hm-04,asian-hm-03,latino-hm-04,latino-hm-05,white-em-02,asian-em-02
10524129368,2019-02-11T22:19:00Z,2019-02-11T22:25:00Z,I agree,Gay,Man,Relationship,Everyone,Body and face,27,Average,White,Versatile,2,1,4,4,3,4,4,2,3,3,white-em-03,white-hm-02,latino-hm-01,white-hm-04,latino-em-03,white-em-04,latino-hm-04,white-hm-01,black-hm-01,latino-em-04
10524126032,2019-02-11T22:17:00Z,2019-02-11T22:21:00Z,I agree,Gay,Man,Single,Everyone,Body and face,21,Large,White,Versatile,1,1,1,3,1,1,3,1,3,3,asian-hm-02,white-hm-02,latino-hm-01,white-hm-04,asian-hm-04,white-em-04,latino-hm-03,white-hm-01,latino-hm-02,latino-em-04
10524125765,2019-02-11T22:17:00Z,2019-02-11T22:23:00Z,I agree,Bisexual/curious,Man,Single,A few friends,Body and face,36,Stocky,Black,Top,1,1,2,3,1,3,2,1,1,3,black-em-03,black-em-02,black-em-01,asian-em-03,black-hm-03,latino-em-02,asian-em-05,white-hm-05,black-hm-01,asian-em-02
10524099300,2019-02-11T21:54:00Z,2019-02-11T22:04:00Z,I agree,Gay,Man,Single,A few friends,Body only,35,Average,Asian,Versatile,3,1,2,3,3,4,4,1,1,1,white-em-03,white-hm-02,white-em-05,asian-em-03,asian-hm-04,asian-hm-03,latino-hm-04,white-hm-05,latino-hm-02,asian-hm-05
10524094828,2019-02-11T21:53:00Z,2019-02-11T21:58:00Z,I agree,Bisexual/curious,Man,Single,Only the guys I have sex with,Body only,40,Toned,White,Versatile,4,1,4,4,3,4,4,1,2,2,white-em-01,white-hm-02,latino-hm-01,white-hm-04,black-hm-02,white-em-04,latino-hm-03,white-hm-01,white-em-02,asian-hm-05
10524061762,2019-02-11T21:28:00Z,2019-02-11T21:35:00Z,I agree,Bisexual/curious,Man,Single,Only the guys I have sex with,Something random,28,Average,Black,Bottom,2,3,2,3,4,5,3,2,4,4,white-em-01,white-hm-02,white-hm-03,white-hm-04,latino-em-03,asian-hm-03,latino-hm-03,white-hm-01,black-hm-01,latino-em-01
10524010107,2019-02-11T20:51:00Z,2019-02-11T21:06:00Z,I agree,Mostly gay,Man,Single,A few family members,Face only,26,Average,Middle Eastern,Top,2,2,2,4,3,3,4,2,3,3,white-em-03,white-hm-02,white-em-05,white-hm-04,black-hm-02,latino-em-02,latino-hm-03,white-hm-05,black-hm-01,latino-em-01
10523883793,2019-02-11T19:30:00Z,2019-02-11T19:41:00Z,I agree,Mostly gay,Man,Single,Only the guys I have sex with,Body only,28,Average,Middle Eastern,Top,3,1,4,2,3,5,4,3,4,4,white-em-03,white-hm-02,white-hm-03,white-hm-04,latino-em-03,white-em-04,latino-hm-04,white-hm-05,white-em-02,latino-em-01
10523879610,2019-02-11T19:29:00Z,2019-02-11T19:33:00Z,I agree,Gay,Man,Relationship,Everyone,Face only,51,Stocky,White,Versatile,1,1,1,1,1,1,1,1,1,1,white-em-03,white-hm-02,latino-hm-01,white-hm-04,black-hm-02,white-em-04,latino-hm-04,white-hm-01,latino-hm-02,asian-hm-05
10523798983,2019-02-11T18:40:00Z,2019-02-11T18:49:00Z,I agree,Gay,Man,Single,A few friends,Body only,29,Toned,Asian,Versatile,2,3,3,4,3,3,3,2,4,4,asian-hm-02,white-hm-02,white-hm-03,white-hm-04,asian-hm-04,asian-hm-03,latino-hm-03,white-hm-05,latino-hm-02,asian-hm-05
10523791317,2019-02-11T18:36:00Z,2019-02-11T18:41:00Z,I agree,Bisexual/curious,Man,Single,Nobody,Nothing (blank),20,Average,White,Versatile,1,1,1,2,2,3,3,1,1,2,white-em-01,white-hm-02,latino-hm-01,white-hm-04,black-hm-02,white-em-04,latino-hm-04,white-hm-01,latino-hm-02,latino-em-04
10523739479,2019-02-11T18:07:00Z,2019-02-11T18:14:00Z,I agree,Gay,Man,Single,Everyone,Face only,34,Stocky,White,Versatile,3,1,3,4,3,3,4,1,3,4,white-em-03,black-hm-04,latino-hm-01,asian-em-04,latino-em-03,white-em-04,latino-hm-03,white-hm-01,latino-hm-02,latino-em-04
10523643696,2019-02-11T17:18:00Z,2019-02-11T17:28:00Z,I agree,Mostly gay,Man,Single,Most of my family,Body and face,18,Toned,White,Versatile,2,1,1,3,1,1,1,1,1,1,asian-hm-02,black-hm-04,white-hm-03,black-em-05,latino-em-03,asian-hm-03,asian-hm-01,white-hm-05,black-hm-01,latino-em-04
10523594952,2019-02-11T16:55:00Z,2019-02-11T17:00:00Z,I agree,Gay,Man,Single,Most of my friends,Face only,21,Average,Mixed,Versatile,4,3,3,5,3,3,5,3,3,4,asian-hm-02,black-hm-04,latino-hm-01,white-hm-04,black-hm-02,latino-em-02,latino-hm-04,white-hm-01,latino-hm-02,latino-em-04
10523543784,2019-02-11T16:32:00Z,2019-02-11T16:40:00Z,I agree,Gay,Man,Single,A few family members,Face only,29,Stocky,Native American,Versatile,5,1,3,3,3,3,3,1,1,1,white-em-03,white-hm-02,white-em-05,white-hm-04,asian-hm-04,latino-em-02,latino-hm-04,white-hm-05,asian-em-01,latino-em-01
10523463522,2019-02-11T16:01:00Z,2019-02-11T16:19:00Z,I agree,Mostly gay,Man,Single,Most of my friends,Body and face,23,Average,Mixed,Bottom,3,2,3,4,3,5,4,1,3,3,white-em-03,white-hm-02,white-hm-03,asian-em-04,asian-hm-04,white-em-04,latino-hm-04,white-hm-05,white-em-02,latino-em-04
10523283272,2019-02-11T14:49:00Z,2019-02-11T15:01:00Z,I agree,Bisexual/curious,Man,Single,A few friends,Nothing (blank),41,Average,South Asian,Top,2,1,2,3,2,3,3,2,1,4,white-em-01,black-hm-05,latino-hm-01,white-hm-04,asian-hm-04,white-em-04,latino-hm-03,latino-hm-05,latino-hm-02,latino-em-04
10523202837,2019-02-11T14:20:00Z,2019-02-11T14:26:00Z,I agree,Gay,Man,Relationship,Everyone,Face only,32,Average,Latino,Top,1,1,1,1,1,1,1,1,1,1,white-em-03,white-hm-02,white-hm-03,white-hm-04,asian-hm-04,white-em-04,latino-hm-04,white-hm-01,latino-hm-02,asian-hm-05
10523038107,2019-02-11T13:16:00Z,2019-02-11T13:24:00Z,I agree,Bisexual/curious,Man,Single,Only the guys I have sex with,Body only,25,Large,Middle Eastern,Top,3,3,4,3,4,3,4,3,5,3,white-em-01,white-hm-02,latino-hm-01,white-hm-04,black-hm-03,white-em-04,latino-hm-04,white-hm-01,latino-hm-02,asian-hm-05
10523031806,2019-02-11T13:14:00Z,2019-02-11T13:18:00Z,I agree,Bisexual/curious,Man,Relationship,Most of my friends,Body only,30,Muscular,White,Bottom,4,3,5,5,5,5,5,2,3,3,white-em-03,white-hm-02,white-hm-03,asian-em-04,black-hm-03,asian-hm-03,asian-em-05,white-hm-01,asian-em-01,latino-em-04
10522777871,2019-02-11T11:39:00Z,2019-02-11T11:48:00Z,I agree,Gay,Man,Single,A few family members,Face only,22,Average,Black,Top,3,2,3,3,2,4,3,2,3,3,black-em-03,white-hm-02,white-hm-03,black-em-05,latino-em-03,black-em-04,asian-hm-01,white-hm-05,latino-hm-02,latino-em-01
10522706556,2019-02-11T11:13:00Z,2019-02-11T14:45:00Z,I agree,Gay,Man,Relationship,Everyone,Body and face,26,Average,Mixed,Top,1,2,1,4,1,2,1,4,1,2,asian-hm-02,black-hm-04,latino-hm-01,white-hm-04,asian-hm-04,asian-hm-03,asian-em-05,latino-em-05,latino-hm-02,asian-hm-05
10522572840,2019-02-11T10:26:00Z,2019-02-11T10:36:00Z,I agree,Gay,Man,Single,Most of my family,Face only,24,Stocky,White,Versatile,2,1,3,3,2,1,3,2,1,3,white-em-01,white-hm-02,white-hm-03,white-hm-04,latino-em-03,asian-hm-03,latino-hm-03,latino-hm-05,white-em-02,asian-hm-05
10521645764,2019-02-10T22:08:00Z,2019-02-10T22:19:00Z,I agree,Gay,Man,Single,Most of my family,Face only,29,Slim,Black,Bottom,2,4,3,4,4,3,4,5,2,4,black-em-03,black-hm-05,black-em-01,black-em-05,black-hm-03,black-em-04,latino-hm-03,latino-em-05,black-hm-01,latino-em-04
10521642713,2019-02-10T22:05:00Z,2019-02-10T22:13:00Z,I agree,Gay,Man,Single,Everyone,Body and face,30,Toned,White,Versatile,3,2,4,4,2,5,3,4,2,3,white-em-03,white-hm-02,white-hm-03,white-hm-04,black-hm-02,asian-hm-03,latino-hm-04,white-hm-05,white-em-02,asian-hm-05
10521595635,2019-02-10T21:13:00Z,2019-02-10T21:27:00Z,I agree,Mostly gay,Man,Relationship,Everyone,Body and face,48,Average,White,Versatile,3,1,3,3,2,2,4,1,1,3,asian-hm-02,black-hm-05,latino-hm-01,white-hm-04,black-hm-02,black-em-04,latino-hm-04,latino-hm-05,latino-hm-02,latino-em-01
10521561026,2019-02-10T20:38:00Z,2019-02-10T20:44:00Z,I agree,Gay,Man,Single,Everyone,Face only,25,Average,White,Versatile,3,1,4,5,1,2,4,1,1,4,black-em-03,white-hm-02,white-em-05,white-hm-04,latino-em-03,latino-em-02,latino-hm-03,latino-hm-05,white-em-02,latino-em-01
10521560767,2019-02-10T20:37:00Z,2019-02-10T20:46:00Z,I agree,Gay,Man,Relationship,Everyone,Face only,59,Stocky,White,Top,1,1,2,3,1,2,2,1,1,1,white-em-01,black-hm-04,white-em-05,asian-em-04,latino-em-03,latino-em-02,latino-hm-04,latino-hm-05,white-em-02,latino-em-04
10521558326,2019-02-10T20:35:00Z,2019-02-10T20:42:00Z,I agree,Gay,Man,Single,Everyone,Face only,49,Stocky,White,Versatile,3,1,3,3,2,4,3,1,1,1,black-em-03,black-em-02,black-em-01,asian-em-04,black-hm-03,black-em-04,asian-hm-01,latino-hm-05,asian-em-01,asian-em-02
10521557957,2019-02-10T20:35:00Z,2019-02-10T20:39:00Z,I agree,Mostly gay,Man,Single,Everyone,Body and face,19,Slim,Latino,Versatile,4,3,3,5,4,3,5,4,1,2,white-em-01,black-hm-04,white-em-05,white-hm-04,latino-em-03,asian-hm-03,latino-hm-04,white-hm-05,white-em-02,latino-em-01
10521537804,2019-02-10T20:14:00Z,2019-02-10T20:21:00Z,I agree,Gay,Man,Relationship,Everyone,Face only,24,Toned,White,Versatile,3,1,2,3,1,1,4,1,1,1,white-em-03,black-hm-04,latino-hm-01,asian-em-04,latino-em-03,latino-em-02,asian-hm-01,white-hm-01,black-hm-01,latino-em-04
10521531326,2019-02-10T20:06:00Z,2019-02-10T20:17:00Z,I agree,Gay,Man,Single,A few family members,Body only,30,Average,Mixed,Top,3,3,3,4,4,3,4,4,3,4,asian-hm-02,black-em-02,white-hm-03,white-hm-04,black-hm-03,black-em-04,asian-em-05,latino-em-05,latino-hm-02,asian-em-02
10521165605,2019-02-10T13:16:00Z,2019-02-10T13:30:00Z,I agree,Gay,Man,Single,A few family members,Body and face,25,Average,Latino,Versatile,1,1,1,1,1,1,1,1,1,1,white-em-01,white-hm-02,white-em-05,white-hm-04,asian-hm-04,white-em-04,latino-hm-04,white-hm-01,white-em-02,asian-em-02
10521161116,2019-02-10T13:11:00Z,2019-02-10T13:23:00Z,I agree,Gay,Man,Single,Everyone,Face only,38,Muscular,Black,Top,3,3,4,5,3,3,5,1,1,3,black-em-03,black-hm-05,white-em-05,asian-em-04,asian-hm-04,asian-hm-03,asian-em-05,white-hm-05,asian-em-01,asian-em-02
10521154042,2019-02-10T12:54:00Z,2019-02-10T13:22:00Z,I agree,Mostly gay,Man,Single,Everyone,Body only,32,Toned,Black,Versatile,1,3,3,4,1,3,3,3,1,1,asian-hm-02,black-hm-05,latino-hm-01,white-hm-04,black-hm-03,asian-hm-03,latino-hm-03,latino-hm-05,black-hm-01,latino-em-01
10521104257,2019-02-10T12:07:00Z,2019-02-10T12:14:00Z,I agree,Mostly gay,Man,Single,A few friends,Nothing (blank),22,Large,Mixed,Versatile,2,3,1,2,1,3,3,1,1,2,black-em-03,black-hm-05,white-em-05,black-em-05,latino-em-03,black-em-04,latino-hm-04,latino-em-05,latino-hm-02,latino-em-04
10521080610,2019-02-10T11:42:00Z,2019-02-10T12:23:00Z,I agree,Gay,Man,Single,Most of my friends,Face only,23,Slim,Mixed,Bottom,1,3,1,1,1,1,1,1,2,2,asian-hm-02,black-hm-04,latino-hm-01,white-hm-04,black-hm-02,latino-em-02,asian-em-05,white-hm-01,white-em-02,latino-em-01
10521078126,2019-02-10T11:39:00Z,2019-02-10T11:45:00Z,I agree,Gay,Man,Single,Everyone,Body and face,58,Average,White,Top,2,1,3,3,4,3,4,3,3,4,white-em-03,white-hm-02,latino-hm-01,white-hm-04,latino-em-03,white-em-04,latino-hm-04,white-hm-01,white-em-02,latino-em-04
10521059039,2019-02-10T11:17:00Z,2019-02-10T11:29:00Z,I agree,Gay,Man,Single,Most of my friends,Face only,33,Average,Middle Eastern,Versatile,2,3,3,3,1,4,3,4,2,3,white-em-03,black-hm-05,latino-hm-01,black-em-05,asian-hm-04,black-em-04,latino-hm-04,latino-hm-05,black-hm-01,latino-em-04
10521056784,2019-02-10T11:15:00Z,2019-02-10T11:24:00Z,I agree,Gay,Man,Single,Everyone,Body and face,24,Stocky,Black,Bottom,2,5,1,3,3,1,4,5,1,1,black-em-03,black-hm-04,white-em-05,black-em-05,black-hm-03,black-em-04,latino-hm-04,white-hm-05,black-hm-01,latino-em-04
10521009978,2019-02-10T10:20:00Z,2019-02-10T10:24:00Z,I agree,Gay,Man,Single,Everyone,Face only,39,Stocky,Black,Top,2,3,3,3,3,3,3,3,3,3,black-em-03,black-hm-05,black-em-01,asian-em-03,black-hm-03,black-em-04,latino-hm-03,latino-hm-05,black-hm-01,asian-em-02
10520867805,2019-02-10T06:57:00Z,2019-02-10T07:05:00Z,I agree,Gay,Man,Single,Most of my family,Body and face,22,Toned,Black,Versatile,3,4,1,2,1,5,3,5,2,1,asian-hm-02,black-hm-04,latino-hm-01,asian-em-03,latino-em-03,white-em-04,latino-hm-04,white-hm-01,black-hm-01,latino-em-04
10520685276,2019-02-10T00:40:00Z,2019-02-10T00:49:00Z,I agree,Gay,Man,Single,Everyone,Body and face,45,Average,Latino,Versatile,1,3,2,4,1,1,2,1,1,2,white-em-03,black-hm-04,latino-hm-01,white-hm-04,black-hm-02,black-em-04,latino-hm-03,latino-hm-05,latino-hm-02,latino-em-04
10520634605,2019-02-09T22:52:00Z,2019-02-09T22:59:00Z,I agree,Gay,Man,Relationship,Everyone,Body and face,38,Toned,Black,Versatile,2,3,3,4,2,3,3,5,2,3,asian-hm-02,black-hm-04,white-hm-03,white-hm-04,black-hm-03,white-em-04,latino-hm-04,latino-em-05,latino-hm-02,latino-em-01
10520621084,2019-02-09T22:26:00Z,2019-02-09T23:06:00Z,I agree,Gay,Man,Relationship,Most of my family,Body and face,34,Slim,Black,Versatile,1,4,3,4,4,3,3,4,3,3,black-em-03,black-hm-05,latino-hm-01,asian-em-04,black-hm-03,asian-hm-03,latino-hm-03,latino-em-05,latino-hm-02,latino-em-04
10520593864,2019-02-09T21:40:00Z,2019-02-09T21:46:00Z,I agree,Mostly gay,Man,Single,Most of my friends,Something random,32,Average,Black,Top,1,1,3,4,1,3,3,3,2,3,white-em-03,white-hm-02,white-hm-03,asian-em-04,latino-em-03,latino-em-02,latino-hm-03,latino-em-05,latino-hm-02,latino-em-04
10520593726,2019-02-09T21:40:00Z,2019-02-09T21:45:00Z,I agree,Bisexual/curious,Man,Single,Most of my friends,Face only,23,Slim,Black,Versatile,2,4,3,5,2,5,1,4,3,2,black-em-03,white-hm-02,white-em-05,black-em-05,latino-em-03,black-em-04,asian-em-05,latino-hm-05,latino-hm-02,latino-em-01
10520592697,2019-02-09T21:38:00Z,2019-02-09T21:46:00Z,I agree,Bisexual/curious,Man,Single,A few friends,Body only,28,Toned,Black,Versatile,3,3,4,4,3,4,5,3,4,4,black-em-03,black-em-02,black-em-01,black-em-05,black-hm-03,black-em-04,latino-hm-03,latino-hm-05,black-hm-01,latino-em-01
10520589085,2019-02-09T21:31:00Z,2019-02-09T21:40:00Z,I agree,Gay,Man,Relationship,Everyone,Body and face,29,Average,Black,Versatile,2,1,3,5,4,2,4,1,3,3,asian-hm-02,black-hm-04,latino-hm-01,white-hm-04,black-hm-03,asian-hm-03,latino-hm-03,white-hm-01,latino-hm-02,latino-em-04
10520582906,2019-02-09T21:21:00Z,2019-02-09T21:30:00Z,I agree,Gay,Man,Single,Everyone,Face only,34,Slim,Latino,Bottom,3,1,4,3,5,4,4,3,5,5,white-em-01,white-hm-02,latino-hm-01,white-hm-04,black-hm-02,white-em-04,latino-hm-03,latino-hm-05,latino-hm-02,latino-em-04
10520528312,2019-02-09T19:53:00Z,2019-02-09T20:01:00Z,I agree,Mostly gay,Man,Single,A few friends,Body and face,30,Muscular,White,Versatile,3,2,4,4,2,5,4,1,1,5,asian-hm-02,black-hm-05,black-em-01,asian-em-03,black-hm-02,black-em-04,asian-hm-01,white-hm-05,white-em-02,latino-em-04
10520520874,2019-02-09T19:41:00Z,2019-02-09T19:49:00Z,I agree,Mostly gay,Man,Relationship,A few family members,Face only,42,Average,White,Versatile,1,1,3,2,5,3,2,1,5,4,asian-hm-02,white-hm-02,white-hm-03,white-hm-04,black-hm-03,white-em-04,latino-hm-03,latino-em-05,black-hm-01,asian-hm-05
10520495627,2019-02-09T19:03:00Z,2019-02-09T19:07:00Z,I agree,Gay,Man,Relationship,A few family members,Face only,30,Slim,South Asian,Versatile,2,5,3,4,4,5,4,4,4,4,white-em-01,black-hm-05,white-hm-03,asian-em-04,asian-hm-04,white-em-04,latino-hm-03,white-hm-01,white-em-02,latino-em-04
10520315727,2019-02-09T15:10:00Z,2019-02-09T15:17:00Z,I agree,Gay,Man,Single,Everyone,Body and face,35,Stocky,Latino,Top,1,1,1,3,2,1,2,1,1,1,asian-hm-02,white-hm-02,latino-hm-01,asian-em-03,black-hm-02,white-em-04,latino-hm-03,latino-em-05,asian-em-01,asian-em-02
10520315660,2019-02-09T15:10:00Z,2019-02-09T15:18:00Z,I agree,Gay,Man,Single,Everyone,Face only,29,Slim,Latino,Bottom,2,4,2,4,3,4,4,2,2,4,white-em-03,white-hm-02,latino-hm-01,white-hm-04,black-hm-02,black-em-04,latino-hm-03,latino-hm-05,latino-hm-02,latino-em-04
10520308927,2019-02-09T15:02:00Z,2019-02-09T15:11:00Z,I agree,Mostly gay,Man,Single,Only the guys I have sex with,Nothing (blank),35,Slim,Black,Versatile,5,1,3,4,4,4,4,1,4,4,black-em-03,black-hm-05,black-em-01,black-em-05,latino-em-03,black-em-04,latino-hm-03,white-hm-05,black-hm-01,latino-em-04
10520301467,2019-02-09T14:53:00Z,2019-02-09T15:01:00Z,I agree,Mostly gay,Man,Single,Everyone,Something random,38,Stocky,Latino,Top,2,4,2,3,2,4,1,1,1,3,white-em-01,white-hm-02,latino-hm-01,black-em-05,latino-em-03,white-em-04,latino-hm-03,white-hm-05,latino-hm-02,latino-em-04
10520299477,2019-02-09T14:52:00Z,2019-02-09T14:58:00Z,I agree,Gay,Man,Single,Everyone,Face only,21,Stocky,Black,Versatile,3,3,1,2,1,1,3,3,1,1,white-em-03,black-hm-04,white-hm-03,white-hm-04,black-hm-02,asian-hm-03,latino-hm-04,white-hm-01,latino-hm-02,asian-hm-05
10520210026,2019-02-09T13:16:00Z,2019-02-09T13:22:00Z,I agree,Mostly gay,Man,Single,A few friends,Body only,26,Average,Asian,Top,3,3,3,3,3,4,4,3,2,3,white-em-01,white-hm-02,white-hm-03,white-hm-04,latino-em-03,asian-hm-03,asian-hm-01,latino-hm-05,white-em-02,asian-hm-05
10520141149,2019-02-09T12:09:00Z,2019-02-09T12:16:00Z,I agree,Bisexual/curious,Man,Single,A few family members,Body and face,19,Toned,Latino,Top,3,4,4,4,3,4,4,4,1,3,asian-hm-02,black-hm-05,latino-hm-01,black-em-05,latino-em-03,black-em-04,asian-em-05,latino-em-05,black-hm-01,latino-em-04
